DEG_set	gene	symbol	CHROM	strand	gene_start	gene_end	cis_start	cis_end	n_snps	n_cold	n_hot	n_shared	n_snp_cis	n_cold_cis	n_hot_cis	n_shared_cis	n_snp_body	n_cold_body	n_hot_body	n_shared_body	has_candidate
Lab_DEGs	FBgn0000038	nAChRbeta1	3L	+	4454166	4460748	4449166	4461748	380	0	0	0	247	0	0	0	133	0	0	0	FALSE
Lab_DEGs	FBgn0000064	Ald1	3R	-	21397365	21405023	21396365	21410023	563	4	4	0	250	0	1	0	313	4	3	0	TRUE
Lab_DEGs	FBgn0000094	Anp	3R	+	25208747	25208979	25203747	25209979	280	16	0	0	273	15	0	0	7	1	0	0	TRUE
Lab_DEGs	FBgn0000448	Hr3	2R	-	4442320	4475482	4441320	4480482	1159	1	0	0	169	0	0	0	990	1	0	0	TRUE
Lab_DEGs	FBgn0000527	e	3R	+	4180490	4187917	4175490	4188917	554	11	6	0	298	11	5	0	256	0	1	0	TRUE
Lab_DEGs	FBgn0000592	Est-6	3L	+	11896393	11898474	11891393	11899474	556	0	1	0	444	0	1	0	112	0	0	0	TRUE
Lab_DEGs	FBgn0001112	Gld	3R	-	2937155	2950682	2936155	2955682	663	4	2	0	239	1	0	0	424	3	2	0	TRUE
Lab_DEGs	FBgn0001122	Galphao	2R	+	4675344	4699992	4670344	4700992	1225	1	7	0	252	0	0	0	973	1	7	0	TRUE
Lab_DEGs	FBgn0002571	Mal-A3	2R	-	2750103	2752069	2749103	2757069	340	0	0	0	272	0	0	0	68	0	0	0	FALSE
Lab_DEGs	FBgn0002856	Acp26Ab	2L	-	5691931	5693648	5690931	5698648	414	0	0	0	314	0	0	0	100	0	0	0	FALSE
Lab_DEGs	FBgn0003358	Jon99Ci	3R	-	24923963	24927290	24922963	24932290	313	0	0	0	212	0	0	0	101	0	0	0	FALSE
Lab_DEGs	FBgn0003380	Sh	X	-	16793645	16857802	16792645	16862802	923	59	10	0	50	1	0	0	873	58	10	0	TRUE
Lab_DEGs	FBgn0003598	Su(var)3-7	3R	-	11961701	11966688	11960701	11971688	284	36	10	9	159	23	9	8	125	13	1	1	TRUE
Lab_DEGs	FBgn0003863	alphaTry	2R	-	5522607	5523432	5521607	5528432	117	0	0	0	116	0	0	0	1	0	0	0	FALSE
Lab_DEGs	FBgn0004066	Prosalpha4	X	+	15182759	15184612	15177759	15185612	165	0	0	0	117	0	0	0	48	0	0	0	FALSE
Lab_DEGs	FBgn0004181	Ebp	2R	-	18926380	18927546	18925380	18932546	72	0	0	0	69	0	0	0	3	0	0	0	FALSE
Lab_DEGs	FBgn0004240	DptA	2R	+	12820044	12820766	12815044	12821766	54	0	0	0	54	0	0	0	0	0	0	0	FALSE
Lab_DEGs	FBgn0004513	Mdr65	3L	-	6188156	6193426	6187156	6198426	654	0	0	0	298	0	0	0	356	0	0	0	FALSE
Lab_DEGs	FBgn0004575	Syn	3R	-	14893944	14919774	14892944	14924774	1249	1	5	0	326	0	3	0	923	1	2	0	TRUE
Lab_DEGs	FBgn0004629	Cys	3R	+	10700612	10701531	10695612	10702531	214	0	0	0	190	0	0	0	24	0	0	0	FALSE
Lab_DEGs	FBgn0004654	Pgd	X	+	1869990	1873768	1864990	1874768	104	0	0	0	59	0	0	0	45	0	0	0	FALSE
Lab_DEGs	FBgn0008636	hbn	2R	-	14819661	14825306	14818661	14830306	375	1	0	0	202	0	0	0	173	1	0	0	TRUE
Lab_DEGs	FBgn0010015	CanA1	3R	+	25999575	26007160	25994575	26008160	489	0	1	0	226	0	0	0	263	0	1	0	TRUE
Lab_DEGs	FBgn0010357	betaTry	2R	+	5524682	5525443	5519682	5526443	184	0	1	0	183	0	1	0	1	0	0	0	TRUE
Lab_DEGs	FBgn0010425	epsilonTry	2R	-	5523615	5524385	5522615	5529385	87	0	0	0	73	0	0	0	14	0	0	0	FALSE
Lab_DEGs	FBgn0010470	Fkbp14	2R	-	15347924	15357761	15346924	15362761	659	2	0	0	350	2	0	0	309	0	0	0	TRUE
Lab_DEGs	FBgn0011205	fbl	3L	+	19573352	19581124	19568352	19582124	503	0	0	0	229	0	0	0	274	0	0	0	FALSE
Lab_DEGs	FBgn0011555	thetaTry	2R	-	5520079	5521129	5519079	5526129	217	0	1	0	164	0	0	0	53	0	1	0	TRUE
Lab_DEGs	FBgn0011559	Acp36DE	2L	-	17658980	17662015	17657980	17667015	302	0	0	0	183	0	0	0	119	0	0	0	FALSE
Lab_DEGs	FBgn0011668	Mst57Da	3R	-	20996393	20996690	20995393	21001690	311	0	0	0	297	0	0	0	14	0	0	0	FALSE
Lab_DEGs	FBgn0011669	Mst57Db	3R	-	20995551	20995766	20994551	21000766	292	0	0	0	285	0	0	0	7	0	0	0	FALSE
Lab_DEGs	FBgn0011670	Mst57Dc	3R	-	20993858	20994530	20992858	20999530	320	0	0	0	307	0	0	0	13	0	0	0	FALSE
Lab_DEGs	FBgn0011694	EbpII	2R	-	18924492	18925066	18923492	18930066	64	0	0	0	58	0	0	0	6	0	0	0	FALSE
Lab_DEGs	FBgn0011695	EbpIII	2R	+	17834924	17835304	17829924	17836304	169	0	0	0	165	0	0	0	4	0	0	0	FALSE
Lab_DEGs	FBgn0014469	Cyp4e2	2R	+	2738611	2741100	2733611	2742100	327	0	0	0	184	0	0	0	143	0	0	0	FALSE
Lab_DEGs	FBgn0014865	Mtk	2R	+	9438244	9438534	9433244	9439534	177	0	0	0	165	0	0	0	12	0	0	0	FALSE
Lab_DEGs	FBgn0014868	Ost48	X	-	8496926	8498511	8495926	8503511	110	0	0	0	99	0	0	0	11	0	0	0	FALSE
Lab_DEGs	FBgn0015010	Ag5r	X	-	13843626	13845381	13842626	13850381	131	0	0	0	102	0	0	0	29	0	0	0	FALSE
Lab_DEGs	FBgn0015035	Cyp4e3	2L	-	9440852	9443198	9439852	9448198	422	0	1	0	238	0	1	0	184	0	0	0	TRUE
Lab_DEGs	FBgn0015584	Acp53Ea	2R	-	10775190	10775884	10774190	10780884	368	0	0	0	326	0	0	0	42	0	0	0	FALSE
Lab_DEGs	FBgn0015586	Acp76A	3L	-	18542096	18543537	18541096	18548537	315	0	0	0	233	0	0	0	82	0	0	0	FALSE
Lab_DEGs	FBgn0016697	Prosalpha5	2R	+	11417291	11418394	11412291	11419394	206	1	1	0	184	1	1	0	22	0	0	0	TRUE
Lab_DEGs	FBgn0016715	Reg-2	3L	-	557284	559122	556284	564122	164	0	2	0	114	0	2	0	50	0	0	0	TRUE
Lab_DEGs	FBgn0019928	Ser8	2R	+	7550078	7551169	7545078	7552169	183	0	0	0	129	0	0	0	54	0	0	0	FALSE
Lab_DEGs	FBgn0020304	drongo	2L	-	793556	810863	792556	815863	756	0	1	0	178	0	0	0	578	0	1	0	TRUE
Lab_DEGs	FBgn0020509	Acp62F	3L	+	2612480	2613537	2607480	2614537	295	0	0	0	243	0	0	0	52	0	0	0	FALSE
Lab_DEGs	FBgn0020906	Jon25Bi	2L	-	4775664	4776534	4774664	4781534	345	0	0	0	325	0	0	0	20	0	0	0	FALSE
Lab_DEGs	FBgn0021795	Tapdelta	2R	-	5542788	5543709	5541788	5548709	288	0	19	0	262	0	19	0	26	0	0	0	TRUE
Lab_DEGs	FBgn0023129	aay	3L	+	9220202	9222286	9215202	9223286	247	0	14	0	180	0	14	0	67	0	0	0	TRUE
Lab_DEGs	FBgn0023175	Prosalpha7	2R	-	4096208	4097521	4095208	4102521	187	0	0	0	162	0	0	0	25	0	0	0	FALSE
Lab_DEGs	FBgn0023197	Jon74E	3L	-	17107318	17111536	17106318	17116536	285	0	0	0	165	0	0	0	120	0	0	0	FALSE
Lab_DEGs	FBgn0023214	edl	2R	-	12621614	12622144	12620614	12627144	231	0	0	0	220	0	0	0	11	0	0	0	FALSE
Lab_DEGs	FBgn0023477	Taldo	2R	+	17748034	17750099	17743034	17751099	282	0	2	0	227	0	2	0	55	0	0	0	TRUE
Lab_DEGs	FBgn0024994	Ugalt	X	-	2389055	2391654	2388055	2396654	191	0	0	0	181	0	0	0	10	0	0	0	FALSE
Lab_DEGs	FBgn0025631	moody	X	-	1771740	1777812	1770740	1782812	24	0	0	0	19	0	0	0	5	0	0	0	FALSE
Lab_DEGs	FBgn0025709	CNT2	2R	+	3362853	3365031	3357853	3366031	304	8	0	0	200	6	0	0	104	2	0	0	TRUE
Lab_DEGs	FBgn0026086	Adar	X	+	1517691	1531921	1512691	1532921	168	4	0	0	56	4	0	0	112	0	0	0	TRUE
Lab_DEGs	FBgn0026562	SPARC	3R	-	21989142	21992032	21988142	21997032	285	0	0	0	171	0	0	0	114	0	0	0	FALSE
Lab_DEGs	FBgn0027506	EDTP	2R	-	11436874	11449917	11435874	11454917	587	2	0	0	111	0	0	0	476	2	0	0	TRUE
Lab_DEGs	FBgn0027562	CG10345	3R	+	8711096	8718977	8706096	8719977	431	0	14	0	224	0	14	0	207	0	0	0	TRUE
Lab_DEGs	FBgn0027601	pdgy	X	-	13984382	13992225	13983382	13997225	422	0	0	0	194	0	0	0	228	0	0	0	FALSE
Lab_DEGs	FBgn0027611	LManII	2L	+	10127826	10132647	10122826	10133647	738	29	10	1	419	5	1	0	319	24	9	1	TRUE
Lab_DEGs	FBgn0027932	Akap200	2L	+	8153816	8169559	8148816	8170559	728	1	4	0	281	0	0	0	447	1	4	0	TRUE
Lab_DEGs	FBgn0028473	Non1	2R	-	3663845	3666365	3662845	3671365	300	13	0	0	240	13	0	0	60	0	0	0	TRUE
Lab_DEGs	FBgn0028534	CG7916	2L	+	13376916	13377900	13371916	13378900	350	1	1	0	310	1	1	0	40	0	0	0	TRUE
Lab_DEGs	FBgn0028563	sut1	2R	+	2387600	2391584	2382600	2392584	396	12	0	0	224	7	0	0	172	5	0	0	TRUE
Lab_DEGs	FBgn0028577	hfp	3L	-	1399240	1404963	1398240	1409963	334	0	7	0	199	0	7	0	135	0	0	0	TRUE
Lab_DEGs	FBgn0028583	lcs	X	-	20034614	20035545	20033614	20040545	90	0	0	0	82	0	0	0	8	0	0	0	FALSE
Lab_DEGs	FBgn0028691	Rpn9	3R	-	18936050	18937684	18935050	18942684	388	4	0	0	277	4	0	0	111	0	0	0	TRUE
Lab_DEGs	FBgn0028853	CG15263	2L	+	14779840	14780941	14774840	14781941	304	2	0	0	235	2	0	0	69	0	0	0	TRUE
Lab_DEGs	FBgn0028920	CG8997	2L	-	13374040	13375711	13373040	13380711	417	1	1	0	347	1	1	0	70	0	0	0	TRUE
Lab_DEGs	FBgn0029708	CG3556	X	+	4070742	4076051	4065742	4077051	163	3	0	0	92	3	0	0	71	0	0	0	TRUE
Lab_DEGs	FBgn0029828	CG6067	X	+	5424575	5428014	5419575	5429014	231	0	0	0	138	0	0	0	93	0	0	0	FALSE
Lab_DEGs	FBgn0029831	CG5966	X	+	5458148	5462023	5453148	5463023	209	0	0	0	112	0	0	0	97	0	0	0	FALSE
Lab_DEGs	FBgn0029974	dpr14	X	-	7277823	7282150	7276823	7287150	131	0	0	0	85	0	0	0	46	0	0	0	FALSE
Lab_DEGs	FBgn0029975	spidey	X	+	7282803	7286262	7277803	7287262	127	0	0	0	69	0	0	0	58	0	0	0	FALSE
Lab_DEGs	FBgn0030098	CG12057	X	+	8531423	8533499	8526423	8534499	94	0	0	0	76	0	0	0	18	0	0	0	FALSE
Lab_DEGs	FBgn0030306	Spase25	X	+	10726114	10727499	10721114	10728499	69	0	0	0	45	0	0	0	24	0	0	0	FALSE
Lab_DEGs	FBgn0030362	regucalcin	X	+	11199719	11203024	11194719	11204024	251	0	0	0	171	0	0	0	80	0	0	0	FALSE
Lab_DEGs	FBgn0030482	Bcat	X	+	12537730	12541963	12532730	12542963	212	0	0	0	170	0	0	0	42	0	0	0	FALSE
Lab_DEGs	FBgn0030520	Pdcd4	X	-	12888030	12897724	12887030	12902724	236	0	0	0	116	0	0	0	120	0	0	0	FALSE
Lab_DEGs	FBgn0030615	Cyp4s3	X	-	14144661	14148659	14143661	14153659	224	0	2	0	142	0	2	0	82	0	0	0	TRUE
Lab_DEGs	FBgn0030828	CG5162	X	+	16092621	16095175	16087621	16096175	179	5	0	0	135	5	0	0	44	0	0	0	TRUE
Lab_DEGs	FBgn0030932	Ggt-1	X	-	17361076	17367739	17360076	17372739	219	2	2	0	138	1	2	0	81	1	0	0	TRUE
Lab_DEGs	FBgn0031077	THADA	X	-	18669884	18675661	18668884	18680661	57	0	0	0	48	0	0	0	9	0	0	0	FALSE
Lab_DEGs	FBgn0031313	CG5080	2L	-	1104200	1108006	1103200	1113006	279	0	22	0	181	0	22	0	98	0	0	0	TRUE
Lab_DEGs	FBgn0031561	IM33	2L	-	3537146	3537815	3536146	3542815	329	1	0	0	304	1	0	0	25	0	0	0	TRUE
Lab_DEGs	FBgn0031654	Jon25Bii	2L	-	4773873	4774796	4772873	4779796	327	0	0	0	311	0	0	0	16	0	0	0	FALSE
Lab_DEGs	FBgn0031913	CG5958	2L	-	7186013	7189481	7185013	7194481	494	0	0	0	324	0	0	0	170	0	0	0	FALSE
Lab_DEGs	FBgn0032051	CG13097	2L	-	8240710	8243446	8239710	8248446	530	3	0	0	385	2	0	0	145	1	0	0	TRUE
Lab_DEGs	FBgn0032069	LManVI	2L	-	8492545	8496244	8491545	8501244	353	0	0	0	243	0	0	0	110	0	0	0	FALSE
Lab_DEGs	FBgn0032122	CG31883	2L	+	9221996	9223323	9216996	9224323	279	0	4	0	221	0	3	0	58	0	1	0	TRUE
Lab_DEGs	FBgn0032138	CG4364	2L	-	9402284	9404529	9401284	9409529	310	0	4	0	174	0	4	0	136	0	0	0	TRUE
Lab_DEGs	FBgn0032187	CG4839	2L	+	9821430	9832116	9816430	9833116	581	1	1	0	203	0	1	0	378	1	0	0	TRUE
Lab_DEGs	FBgn0032253	LManI	2L	-	10122652	10127345	10121652	10132345	776	25	10	1	419	25	10	1	357	0	0	0	TRUE
Lab_DEGs	FBgn0032285	CG17108	2L	-	10354313	10355472	10353313	10360472	258	1	1	0	254	1	1	0	4	0	0	0	TRUE
Lab_DEGs	FBgn0032373	Vha100-5	2L	+	11359113	11364816	11354113	11365816	587	3	1	0	249	0	1	0	338	3	0	0	TRUE
Lab_DEGs	FBgn0032381	Mal-B1	2L	+	11466800	11468816	11461800	11469816	460	0	0	0	324	0	0	0	136	0	0	0	FALSE
Lab_DEGs	FBgn0032394	Hacd1	2L	-	11613747	11614954	11612747	11619954	174	0	0	0	120	0	0	0	54	0	0	0	FALSE
Lab_DEGs	FBgn0032472	CG9928	2L	-	12707138	12707599	12706138	12712599	309	0	0	0	277	0	0	0	32	0	0	0	FALSE
Lab_DEGs	FBgn0032505	CG16826	2L	+	12910035	12911794	12905035	12912794	257	1	0	0	180	1	0	0	77	0	0	0	TRUE
Lab_DEGs	FBgn0032726	CG10621	2L	-	18246523	18248824	18245523	18253824	296	0	0	0	214	0	0	0	82	0	0	0	FALSE
Lab_DEGs	FBgn0032840	sNPF	2L	+	19257983	19286888	19252983	19287888	1570	4	38	2	188	1	8	0	1382	3	30	2	TRUE
Lab_DEGs	FBgn0032946	nrv3	2L	+	20453498	20467500	20448498	20468500	42	0	0	0	7	0	0	0	35	0	0	0	FALSE
Lab_DEGs	FBgn0033216	CG1946	2R	+	2037606	2039449	2032606	2040449	423	2	20	0	325	2	19	0	98	0	1	0	TRUE
Lab_DEGs	FBgn0033357	Tom7	2R	+	3234407	3235073	3229407	3236073	140	0	0	0	119	0	0	0	21	0	0	0	FALSE
Lab_DEGs	FBgn0033446	CG1648	2R	-	4060346	4069452	4059346	4074452	615	0	1	0	314	0	1	0	301	0	0	0	TRUE
Lab_DEGs	FBgn0033500	Csgalnact	2R	+	4491151	4493578	4486151	4494578	419	11	3	0	279	9	2	0	140	2	1	0	TRUE
Lab_DEGs	FBgn0033781	CG13319	2R	+	7053823	7055063	7048823	7056063	138	0	0	0	96	0	0	0	42	0	0	0	FALSE
Lab_DEGs	FBgn0034052	CG8299	2R	-	9978398	9979767	9977398	9984767	262	0	4	0	214	0	3	0	48	0	1	0	TRUE
Lab_DEGs	FBgn0034117	CG7997	2R	-	10370709	10373709	10369709	10378709	299	0	0	0	178	0	0	0	121	0	0	0	FALSE
Lab_DEGs	FBgn0034152	Acp53C14a	2R	-	10773438	10774091	10772438	10779091	319	0	0	0	277	0	0	0	42	0	0	0	FALSE
Lab_DEGs	FBgn0034153	Acp53C14b	2R	-	10774422	10774979	10773422	10779979	348	0	0	0	323	0	0	0	25	0	0	0	FALSE
Lab_DEGs	FBgn0034229	CtsK2	2R	+	11512593	11514279	11507593	11515279	327	0	5	0	227	0	3	0	100	0	2	0	TRUE
Lab_DEGs	FBgn0034295	CG10911	2R	-	12049769	12051211	12048769	12056211	341	1	61	1	272	1	49	1	69	0	12	0	TRUE
Lab_DEGs	FBgn0034328	BomBc1	2R	-	12356714	12357389	12355714	12362389	240	0	0	0	210	0	0	0	30	0	0	0	FALSE
Lab_DEGs	FBgn0034443	cer	2R	-	13353576	13354101	13352576	13359101	315	0	0	0	292	0	0	0	23	0	0	0	FALSE
Lab_DEGs	FBgn0034512	Bbd	2R	+	14412850	14414226	14407850	14415226	363	0	0	0	291	0	0	0	72	0	0	0	FALSE
Lab_DEGs	FBgn0034684	CG13501	2R	-	15904549	15906369	15903549	15911369	289	0	0	0	191	0	0	0	98	0	0	0	FALSE
Lab_DEGs	FBgn0034761	CG4250	2R	+	16498153	16498848	16493153	16499848	117	0	0	0	91	0	0	0	26	0	0	0	FALSE
Lab_DEGs	FBgn0034768	Obp58b	2R	+	16539387	16540638	16534387	16541638	374	0	6	0	308	0	5	0	66	0	1	0	TRUE
Lab_DEGs	FBgn0034784	CG9826	2R	+	16675310	16677455	16670310	16678455	262	0	0	0	209	0	0	0	53	0	0	0	FALSE
Lab_DEGs	FBgn0034796	CG3700	2R	+	16727313	16728602	16722313	16729602	313	0	0	0	258	0	0	0	55	0	0	0	FALSE
Lab_DEGs	FBgn0034909	pippin	2R	-	17628389	17631566	17627389	17636566	267	0	0	0	197	0	0	0	70	0	0	0	FALSE
Lab_DEGs	FBgn0034997	CG3376	2R	+	18048150	18055316	18043150	18056316	510	0	1	0	246	0	1	0	264	0	0	0	TRUE
Lab_DEGs	FBgn0035087	CG2765	2R	-	18726750	18732137	18725750	18737137	199	0	0	0	144	0	0	0	55	0	0	0	FALSE
Lab_DEGs	FBgn0035089	Phk-3	2R	-	18737842	18739077	18736842	18744077	112	0	0	0	101	0	0	0	11	0	0	0	FALSE
Lab_DEGs	FBgn0035094	CG9380	2R	-	18933984	18939262	18932984	18944262	136	0	0	0	79	0	0	0	57	0	0	0	FALSE
Lab_DEGs	FBgn0035104	CG13875	3L	+	140197	142408	135197	143408	88	0	0	0	59	0	0	0	29	0	0	0	FALSE
Lab_DEGs	FBgn0035170	dpr20	3L	-	804164	808786	803164	813786	418	0	0	0	237	0	0	0	181	0	0	0	FALSE
Lab_DEGs	FBgn0035203	Acat2	3L	+	1212199	1214658	1207199	1215658	313	0	0	0	196	0	0	0	117	0	0	0	FALSE
Lab_DEGs	FBgn0035270	CG13933	3L	-	1666151	1669571	1665151	1674571	205	0	0	0	139	0	0	0	66	0	0	0	FALSE
Lab_DEGs	FBgn0035300	acs	3L	+	1865261	1868296	1860261	1869296	415	0	0	0	255	0	0	0	160	0	0	0	FALSE
Lab_DEGs	FBgn0035495	CG14989	3L	+	4120362	4125482	4115362	4126482	443	0	0	0	312	0	0	0	131	0	0	0	FALSE
Lab_DEGs	FBgn0035625	Blimp-1	3L	+	5590285	5611295	5585285	5612295	710	0	1	0	163	0	0	0	547	0	1	0	TRUE
Lab_DEGs	FBgn0035670	CG10472	3L	-	6020688	6022550	6019688	6027550	290	0	2	0	204	0	1	0	86	0	1	0	TRUE
Lab_DEGs	FBgn0035695	CG10226	3L	-	6181944	6187894	6180944	6192894	793	0	1	0	405	0	1	0	388	0	0	0	TRUE
Lab_DEGs	FBgn0035779	CG8562	3L	+	7301578	7303020	7296578	7304020	447	0	0	0	373	0	0	0	74	0	0	0	FALSE
Lab_DEGs	FBgn0035781	CG8560	3L	-	7307343	7309204	7306343	7314204	359	0	0	0	302	0	0	0	57	0	0	0	FALSE
Lab_DEGs	FBgn0035811	Mcad	3L	+	7596039	7598776	7591039	7599776	490	0	0	0	360	0	0	0	130	0	0	0	FALSE
Lab_DEGs	FBgn0035917	Zasp66	3L	+	8451186	8465430	8446186	8466430	879	0	1	0	225	0	1	0	654	0	0	0	TRUE
Lab_DEGs	FBgn0036015	CG3088	3L	-	9384783	9385703	9383783	9390703	257	0	0	0	216	0	0	0	41	0	0	0	FALSE
Lab_DEGs	FBgn0036024	CG18180	3L	+	9424982	9426082	9419982	9427082	331	1	1	0	294	1	0	0	37	0	1	0	TRUE
Lab_DEGs	FBgn0036202	loaf	3L	-	11451904	11484039	11450904	11489039	1607	4	12	0	278	0	2	0	1329	4	10	0	TRUE
Lab_DEGs	FBgn0036257	RhoGAP68F	3L	+	11846488	11851079	11841488	11852079	493	0	0	0	330	0	0	0	163	0	0	0	FALSE
Lab_DEGs	FBgn0036289	CG10657	3L	-	12201231	12206705	12200231	12211705	595	3	1	0	389	3	0	0	206	0	1	0	TRUE
Lab_DEGs	FBgn0036428	Gbs-70E	3L	-	14187663	14197719	14186663	14202719	748	0	1	0	330	0	1	0	418	0	0	0	TRUE
Lab_DEGs	FBgn0036622	Agpat4	3L	-	15984983	15987947	15983983	15992947	322	0	0	0	199	0	0	0	123	0	0	0	FALSE
Lab_DEGs	FBgn0036746	Crtc	3L	-	17224175	17226826	17223175	17231826	270	0	0	0	242	0	0	0	28	0	0	0	FALSE
Lab_DEGs	FBgn0036831	CG6839	3L	+	18409467	18411292	18404467	18412292	404	0	13	0	283	0	9	0	121	0	4	0	TRUE
Lab_DEGs	FBgn0036919	Grasp65	3L	+	19135776	19138388	19130776	19139388	370	0	0	0	268	0	0	0	102	0	0	0	FALSE
Lab_DEGs	FBgn0036970	Spn77Bc	3L	+	19532960	19534601	19527960	19535601	78	0	0	0	50	0	0	0	28	0	0	0	FALSE
Lab_DEGs	FBgn0036995	atk	3L	-	19644277	19649063	19643277	19654063	613	0	1	0	323	0	0	0	290	0	1	0	TRUE
Lab_DEGs	FBgn0037003	CG18281	3L	+	19682610	19684262	19677610	19685262	179	0	0	0	179	0	0	0	0	0	0	0	FALSE
Lab_DEGs	FBgn0037038	CG11037	3L	-	20140106	20141135	20139106	20146135	370	0	0	0	327	0	0	0	43	0	0	0	FALSE
Lab_DEGs	FBgn0037290	Jhbp1	3R	+	717535	721000	712535	722000	354	0	2	0	237	0	1	0	117	0	1	0	TRUE
Lab_DEGs	FBgn0037310	Tim17b1	3R	+	1035595	1036749	1030595	1037749	278	0	28	0	240	0	28	0	38	0	0	0	TRUE
Lab_DEGs	FBgn0037323	CG2663	3R	-	1130524	1134326	1129524	1139326	396	2	7	0	255	2	5	0	141	0	2	0	TRUE
Lab_DEGs	FBgn0037547	CG7910	3R	-	16924698	16927711	16923698	16932711	371	0	0	0	255	0	0	0	116	0	0	0	FALSE
Lab_DEGs	FBgn0037635	CG9837	3R	+	16242668	16243786	16237668	16244786	329	0	0	0	258	0	0	0	71	0	0	0	FALSE
Lab_DEGs	FBgn0037764	CG9459	3R	+	15277195	15278633	15272195	15279633	350	0	0	0	270	0	0	0	80	0	0	0	FALSE
Lab_DEGs	FBgn0037835	CG14687	3R	-	14342301	14343998	14341301	14348998	289	2	0	0	240	1	0	0	49	1	0	0	TRUE
Lab_DEGs	FBgn0037877	CG6689	3R	+	13930636	13934427	13925636	13935427	224	13	0	0	130	6	0	0	94	7	0	0	TRUE
Lab_DEGs	FBgn0037970	GC2	3R	-	13194642	13195922	13193642	13200922	301	6	0	0	252	6	0	0	49	0	0	0	TRUE
Lab_DEGs	FBgn0038009	CG17738	3R	-	12900533	12901422	12899533	12906422	287	3	0	0	234	3	0	0	53	0	0	0	TRUE
Lab_DEGs	FBgn0038165	Task6	3R	+	11564957	11570820	11559957	11571820	301	1	1	0	153	1	1	0	148	0	0	0	TRUE
Lab_DEGs	FBgn0038194	Cyp6d5	3R	-	11214583	11217139	11213583	11222139	326	0	0	0	222	0	0	0	104	0	0	0	FALSE
Lab_DEGs	FBgn0038197	foxo	3R	-	11158673	11189376	11157673	11194376	1277	0	5	0	252	0	5	0	1025	0	0	0	TRUE
Lab_DEGs	FBgn0038439	Cad89D	3R	+	8820354	8830887	8815354	8831887	893	16	7	5	350	1	1	1	543	15	6	4	TRUE
Lab_DEGs	FBgn0038449	CG17562	3R	-	8698901	8700849	8697901	8705849	444	0	27	0	319	0	18	0	125	0	9	0	TRUE
Lab_DEGs	FBgn0038451	CG14893	3R	-	8693450	8695353	8692450	8700353	493	0	26	0	351	0	23	0	142	0	3	0	TRUE
Lab_DEGs	FBgn0038577	CG12321	3R	+	7165038	7166109	7160038	7167109	262	4	3	1	220	4	3	1	42	0	0	0	TRUE
Lab_DEGs	FBgn0038680	Cyp12a5	3R	-	6223808	6225885	6222808	6230885	411	2	0	0	288	0	0	0	123	2	0	0	TRUE
Lab_DEGs	FBgn0038914	fit	3R	-	17106417	17108116	17105417	17113116	399	0	0	0	332	0	0	0	67	0	0	0	FALSE
Lab_DEGs	FBgn0039064	CG4467	3R	-	18429016	18452164	18428016	18457164	1187	0	1	0	282	0	0	0	905	0	1	0	TRUE
Lab_DEGs	FBgn0039094	CG10184	3R	-	18806695	18809673	18805695	18814673	341	1	0	0	209	1	0	0	132	0	0	0	TRUE
Lab_DEGs	FBgn0039172	Spase22-23	3R	-	19409889	19410740	19408889	19415740	219	0	0	0	195	0	0	0	24	0	0	0	FALSE
Lab_DEGs	FBgn0039178	CG6356	3R	+	19464241	19469383	19459241	19470383	570	4	0	0	308	1	0	0	262	3	0	0	TRUE
Lab_DEGs	FBgn0039184	CG6432	3R	+	19517663	19521466	19512663	19522466	413	0	0	0	199	0	0	0	214	0	0	0	FALSE
Lab_DEGs	FBgn0039298	to	3R	+	20409361	20410836	20404361	20411836	328	0	0	0	242	0	0	0	86	0	0	0	FALSE
Lab_DEGs	FBgn0039313	CG11892	3R	+	20451710	20453492	20446710	20454492	258	0	0	0	211	0	0	0	47	0	0	0	FALSE
Lab_DEGs	FBgn0039341	CG5112	3R	+	20661267	20663208	20656267	20664208	334	0	1	0	268	0	1	0	66	0	0	0	TRUE
Lab_DEGs	FBgn0039452	CG14245	3R	+	21848165	21848888	21843165	21849888	267	0	0	0	234	0	0	0	33	0	0	0	FALSE
Lab_DEGs	FBgn0039471	CG6295	3R	-	22125200	22126282	22124200	22131282	308	0	0	0	278	0	0	0	30	0	0	0	FALSE
Lab_DEGs	FBgn0039521	CG5402	3R	-	22592826	22594663	22591826	22599663	257	0	0	0	155	0	0	0	102	0	0	0	FALSE
Lab_DEGs	FBgn0039694	fig	3R	-	24788090	24789575	24787090	24794575	277	0	0	0	219	0	0	0	58	0	0	0	FALSE
Lab_DEGs	FBgn0039755	CG15531	3R	-	25193489	25194978	25192489	25199978	225	0	0	0	168	0	0	0	57	0	0	0	FALSE
Lab_DEGs	FBgn0039800	Npc2g	3R	-	25705911	25707909	25704911	25712909	357	1	0	0	283	1	0	0	74	0	0	0	TRUE
Lab_DEGs	FBgn0040060	yip7	3L	+	5996753	5998070	5991753	5999070	338	1	0	0	298	1	0	0	40	0	0	0	TRUE
Lab_DEGs	FBgn0040077	primo-1	3R	+	11528860	11529612	11523860	11530612	360	1	0	0	315	1	0	0	45	0	0	0	TRUE
Lab_DEGs	FBgn0040097	lectin-30A	2L	-	8956588	8957365	8955588	8962365	327	0	0	0	305	0	0	0	22	0	0	0	FALSE
Lab_DEGs	FBgn0040207	kat80	X	-	15173547	15182448	15172547	15187448	320	0	0	0	123	0	0	0	197	0	0	0	FALSE
Lab_DEGs	FBgn0040259	Ugt302C1	3R	-	13995942	13998767	13994942	14003767	508	55	1	1	378	50	1	1	130	5	0	0	TRUE
Lab_DEGs	FBgn0040364	CG11378	X	+	949668	952809	944668	953809	54	1	0	0	41	1	0	0	13	0	0	0	TRUE
Lab_DEGs	FBgn0040376	AANATL7	X	+	2281177	2281863	2276177	2282863	136	0	0	0	136	0	0	0	0	0	0	0	FALSE
Lab_DEGs	FBgn0040827	CG13315	3L	+	8910668	8911763	8905668	8912763	271	0	0	0	229	0	0	0	42	0	0	0	FALSE
Lab_DEGs	FBgn0041579	AttC	2R	+	7513952	7515177	7508952	7516177	286	0	1	0	210	0	0	0	76	0	1	0	TRUE
Lab_DEGs	FBgn0041605	cpx	3R	+	108420	131824	103420	132824	450	2	7	0	133	0	6	0	317	2	1	0	TRUE
Lab_DEGs	FBgn0043364	cbt	2L	-	447746	451141	446746	456141	218	36	0	0	162	33	0	0	56	3	0	0	TRUE
Lab_DEGs	FBgn0043530	Obp51a	2R	-	9080822	9081657	9079822	9086657	187	0	17	0	130	0	10	0	57	0	7	0	TRUE
Lab_DEGs	FBgn0043533	Obp56f	2R	+	13665580	13666242	13660580	13667242	188	0	0	0	158	0	0	0	30	0	0	0	FALSE
Lab_DEGs	FBgn0047135	CG32276	3L	-	3241280	3242448	3240280	3247448	40	0	0	0	37	0	0	0	3	0	0	0	FALSE
Lab_DEGs	FBgn0047334	BG642312	3L	-	6180272	6180569	6179272	6185569	382	0	1	0	372	0	1	0	10	0	0	0	TRUE
Lab_DEGs	FBgn0050008	CG30008	2R	+	4138171	4139456	4133171	4140456	115	0	0	0	90	0	0	0	25	0	0	0	FALSE
Lab_DEGs	FBgn0050151	CG30151	2R	-	14407244	14408605	14406244	14413605	345	0	0	0	239	0	0	0	106	0	0	0	FALSE
Lab_DEGs	FBgn0051041	CG31041	3R	-	24603102	24605015	24602102	24610015	229	0	0	0	158	0	0	0	71	0	0	0	FALSE
Lab_DEGs	FBgn0051221	CG31221	3R	-	5913049	5951593	5912049	5956593	1969	3	9	0	240	0	0	0	1729	3	9	0	TRUE
Lab_DEGs	FBgn0051324	Cipc	3R	+	21263222	21278344	21258222	21279344	887	36	8	0	276	9	0	0	611	27	8	0	TRUE
Lab_DEGs	FBgn0051418	CG31418	3R	-	8041871	8042638	8040871	8047638	261	0	0	0	220	0	0	0	41	0	0	0	FALSE
Lab_DEGs	FBgn0051680	CG31680	2L	+	19747453	19748102	19742453	19749102	72	3	0	0	58	3	0	0	14	0	0	0	TRUE
Lab_DEGs	FBgn0051779	Acp24A4	2L	-	3534300	3535152	3533300	3540152	256	1	0	0	246	1	0	0	10	0	0	0	TRUE
Lab_DEGs	FBgn0051858	t-cup	2L	-	12098007	12099112	12097007	12104112	373	0	0	0	283	0	0	0	90	0	0	0	FALSE
Lab_DEGs	FBgn0051872	CG31872	2L	+	10301450	10305125	10296450	10306125	359	0	0	0	225	0	0	0	134	0	0	0	FALSE
Lab_DEGs	FBgn0052072	Elo68alpha	3L	-	10865039	10866212	10864039	10871212	322	0	0	0	265	0	0	0	57	0	0	0	FALSE
Lab_DEGs	FBgn0052199	CG32199	3L	+	18117016	18119139	18112016	18120139	470	0	18	0	339	0	6	0	131	0	12	0	TRUE
Lab_DEGs	FBgn0052432	CG32432	3L	-	20020828	20037937	20019828	20042937	1008	1	0	0	296	0	0	0	712	1	0	0	TRUE
Lab_DEGs	FBgn0052833	CG32833	2R	-	16809095	16812181	16808095	16817181	323	0	0	0	163	0	0	0	160	0	0	0	FALSE
Lab_DEGs	FBgn0053109	CG33109	3R	+	11038585	11039666	11033585	11040666	299	0	0	0	251	0	0	0	48	0	0	0	FALSE
Lab_DEGs	FBgn0053306	CG33306	2L	-	13373031	13373897	13372031	13378897	346	1	1	0	316	1	1	0	30	0	0	0	TRUE
Lab_DEGs	FBgn0053530	Acp53C14c	2R	-	10776214	10777009	10775214	10782009	341	0	0	0	293	0	0	0	48	0	0	0	FALSE
Lab_DEGs	FBgn0053965	CG33965	3L	+	1143911	1144977	1138911	1145977	258	0	0	0	190	0	0	0	68	0	0	0	FALSE
Lab_DEGs	FBgn0054034	CG34034	3R	-	16967716	16968830	16966716	16973830	356	2	0	0	276	2	0	0	80	0	0	0	TRUE
Lab_DEGs	FBgn0054041	CG34041	3R	+	25477528	25479655	25472528	25480655	585	13	0	0	403	9	0	0	182	4	0	0	TRUE
Lab_DEGs	FBgn0062442	Cisd2	3R	-	24237092	24238345	24236092	24243345	283	0	0	0	229	0	0	0	54	0	0	0	FALSE
Lab_DEGs	FBgn0083936	Acp54A1	2R	+	11157406	11157880	11152406	11158880	164	0	0	0	162	0	0	0	2	0	0	0	FALSE
Lab_DEGs	FBgn0083965	CG34129	3R	-	21339077	21340050	21338077	21345050	316	0	0	0	286	0	0	0	30	0	0	0	FALSE
Lab_DEGs	FBgn0085282	CG34253	3L	-	17615837	17616778	17614837	17621778	375	0	6	0	298	0	3	0	77	0	3	0	TRUE
Lab_DEGs	FBgn0086676	spin	2R	+	10154948	10168347	10149948	10169347	889	0	2	0	377	0	1	0	512	0	1	0	TRUE
Lab_DEGs	FBgn0086687	Desat1	3R	-	12728543	12735879	12727543	12740879	378	52	4	0	194	29	0	0	184	23	4	0	TRUE
Lab_DEGs	FBgn0250815	Jon65Aiv	3L	+	6000464	6002017	5995464	6003017	237	1	0	0	214	1	0	0	23	0	0	0	TRUE
Lab_DEGs	FBgn0250832	Dup99B	3R	-	24727217	24727727	24726217	24732727	263	1	0	0	241	1	0	0	22	0	0	0	TRUE
Lab_DEGs	FBgn0250835	CG15394	2L	+	2469489	2470524	2464489	2471524	265	0	15	0	208	0	11	0	57	0	4	0	TRUE
Lab_DEGs	FBgn0250836	Acbp3	3L	+	7038557	7038805	7033557	7039805	192	0	0	0	192	0	0	0	0	0	0	0	FALSE
Lab_DEGs	FBgn0250841	CG17242	2L	-	2152412	2153149	2151412	2158149	267	0	1	0	215	0	0	0	52	0	1	0	TRUE
Lab_DEGs	FBgn0259110	mmd	X	-	14907450	14932598	14906450	14937598	294	1	0	0	43	0	0	0	251	1	0	0	TRUE
Lab_DEGs	FBgn0259219	CG42319	2R	+	7380090	7386714	7375090	7387714	558	0	0	0	289	0	0	0	269	0	0	0	FALSE
Lab_DEGs	FBgn0259682	Jabba	2R	-	12711144	12715316	12710144	12720316	370	0	0	0	323	0	0	0	47	0	0	0	FALSE
Lab_DEGs	FBgn0259951	Sfp24Ba	2L	-	3508794	3509404	3507794	3514404	310	3	0	0	266	3	0	0	44	0	0	0	TRUE
Lab_DEGs	FBgn0259952	Sfp24Bb	2L	-	3510144	3511451	3509144	3516451	328	3	0	0	246	2	0	0	82	1	0	0	TRUE
Lab_DEGs	FBgn0259958	Sfp24F	2L	-	4287874	4288469	4286874	4293469	182	0	0	0	163	0	0	0	19	0	0	0	FALSE
Lab_DEGs	FBgn0259969	Sfp65A	3L	+	6298242	6298733	6293242	6299733	234	0	0	0	216	0	0	0	18	0	0	0	FALSE
Lab_DEGs	FBgn0259971	CG42481	3L	-	12995762	12996171	12994762	13001171	268	0	0	0	255	0	0	0	13	0	0	0	FALSE
Lab_DEGs	FBgn0259975	Sfp87B	3R	-	12898675	12899100	12897675	12904100	269	10	0	0	241	6	0	0	28	4	0	0	TRUE
Lab_DEGs	FBgn0259994	OtopLa	X	-	5108206	5130010	5107206	5135010	498	2	0	0	93	2	0	0	405	0	0	0	TRUE
Lab_DEGs	FBgn0260499	qvr	2R	+	5611307	5620613	5606307	5621613	787	1	2	0	325	1	1	0	462	0	1	0	TRUE
Lab_DEGs	FBgn0260657	CG42540	3L	+	4576269	4610284	4571269	4611284	1286	0	28	0	249	0	23	0	1037	0	5	0	TRUE
Lab_DEGs	FBgn0261055	Sfp26Ad	2L	-	5742048	5742607	5741048	5747607	214	0	0	0	194	0	0	0	20	0	0	0	FALSE
Lab_DEGs	FBgn0261394	Prosalpha3	2R	+	14858911	14860522	14853911	14861522	360	0	0	0	286	0	0	0	74	0	0	0	FALSE
Lab_DEGs	FBgn0261611	CG42700	2R	+	6444107	6463359	6439107	6464359	1096	1	24	0	202	0	0	0	894	1	24	0	TRUE
Lab_DEGs	FBgn0261703	gce	X	+	14328107	14347158	14323107	14348158	311	0	0	0	57	0	0	0	254	0	0	0	FALSE
Lab_DEGs	FBgn0261714	Cpn	3R	+	13004488	13007205	12999488	13008205	323	13	0	0	173	8	0	0	150	5	0	0	TRUE
Lab_DEGs	FBgn0261794	kcc	2R	+	17724095	17733097	17719095	17734097	400	0	1	0	166	0	0	0	234	0	1	0	TRUE
Lab_DEGs	FBgn0261808	cu	3R	-	13943744	13955761	13942744	13960761	466	39	0	0	173	16	0	0	293	23	0	0	TRUE
Lab_DEGs	FBgn0261853	CG42782	2R	-	6582098	6582947	6581098	6587947	186	0	0	0	153	0	0	0	33	0	0	0	FALSE
Lab_DEGs	FBgn0261862	whd	2R	-	4707051	4716119	4706051	4721119	555	1	9	0	222	1	8	0	333	0	1	0	TRUE
Lab_DEGs	FBgn0261954	east	X	+	1739687	1752220	1734687	1753220	89	0	0	0	45	0	0	0	44	0	0	0	FALSE
Lab_DEGs	FBgn0262003	CG42821	3R	-	7913979	7915533	7912979	7920533	301	0	0	0	292	0	0	0	9	0	0	0	FALSE
Lab_DEGs	FBgn0262467	Scox	2L	-	4789306	4790425	4788306	4795425	218	0	6	0	181	0	6	0	37	0	0	0	TRUE
Lab_DEGs	FBgn0262562	CG43102	3R	+	7548634	7574769	7543634	7575769	1322	0	4	0	246	0	3	0	1076	0	1	0	TRUE
Lab_DEGs	FBgn0262571	CG43111	2R	+	13509454	13509877	13504454	13510877	208	0	0	0	195	0	0	0	13	0	0	0	FALSE
Lab_DEGs	FBgn0262737	mub	3L	+	20966046	21014723	20961046	21015723	1148	1	21	0	140	0	6	0	1008	1	15	0	TRUE
Lab_DEGs	FBgn0262801	twr	3R	+	2346119	2347833	2341119	2348833	196	0	1	0	154	0	0	0	42	0	1	0	TRUE
Lab_DEGs	FBgn0262867	Ptr	2R	-	769635	784590	768635	789590	740	38	0	0	239	14	0	0	501	24	0	0	TRUE
Lab_DEGs	FBgn0263321	CG43402	2L	+	1376443	1377714	1371443	1378714	279	11	1	0	227	10	1	0	52	1	0	0	TRUE
Lab_DEGs	FBgn0263773	fok	2L	-	19309749	19315834	19308749	19320834	439	0	0	0	251	0	0	0	188	0	0	0	FALSE
Lab_DEGs	FBgn0263980	Stacl	2R	+	9430586	9501390	9425586	9502390	2002	1	36	0	195	1	1	0	1807	0	35	0	TRUE
Lab_DEGs	FBgn0264270	Sxl	X	-	6477033	6500429	6476033	6505429	498	1	0	0	149	0	0	0	349	1	0	0	TRUE
Lab_DEGs	FBgn0264329	CG43788	2R	+	10961985	10962667	10956985	10963667	260	7	7	0	202	1	5	0	58	6	2	0	TRUE
Lab_DEGs	FBgn0264443	CG43861	2L	-	19204130	19247965	19203130	19252965	1985	0	89	0	227	0	35	0	1758	0	54	0	TRUE
Lab_DEGs	FBgn0264556	Gr39a	2L	+	20368857	20375473	20363857	20376473	44	0	0	0	20	0	0	0	24	0	0	0	FALSE
Lab_DEGs	FBgn0264785	Hph	3R	+	994146	1004029	989146	1005029	713	0	71	0	284	0	22	0	429	0	49	0	TRUE
Lab_DEGs	FBgn0265267	CG18258	X	+	16090029	16091611	16085029	16092611	146	5	0	0	119	5	0	0	27	0	0	0	TRUE
Temp_DEGs	FBgn0000052	Pfas	2L	-	5840593	5845474	5839593	5850474	403	0	0	0	186	0	0	0	217	0	0	0	FALSE
Temp_DEGs	FBgn0000053	Gart	2L	-	6779219	6788148	6778219	6793148	695	0	0	0	250	0	0	0	445	0	0	0	FALSE
Temp_DEGs	FBgn0000406	Cyt-b5-r	2L	-	16140427	16143338	16139427	16148338	461	22	0	0	369	20	0	0	92	2	0	0	TRUE
Temp_DEGs	FBgn0000565	MsrA	3L	+	15136886	15139001	15131886	15140001	348	0	0	0	266	0	0	0	82	0	0	0	FALSE
Temp_DEGs	FBgn0001187	Hex-C	2R	-	9259588	9261837	9258588	9266837	122	0	0	0	88	0	0	0	34	0	0	0	FALSE
Temp_DEGs	FBgn0003076	Pgm1	3L	-	15735935	15739141	15734935	15744141	526	0	0	0	322	0	0	0	204	0	0	0	FALSE
Temp_DEGs	FBgn0003719	tld	3R	+	19924203	19927832	19919203	19928832	328	2	0	0	200	1	0	0	128	1	0	0	TRUE
Temp_DEGs	FBgn0005278	Sam-S	2L	+	92918	99549	87918	100549	81	0	0	0	37	0	0	0	44	0	0	0	FALSE
Temp_DEGs	FBgn0011296	l(2)efl	2R	-	17502198	17503234	17501198	17508234	283	0	0	0	258	0	0	0	25	0	0	0	FALSE
Temp_DEGs	FBgn0016054	phr6-4	2L	-	19749621	19752782	19748621	19757782	316	2	11	0	224	2	8	0	92	0	3	0	TRUE
Temp_DEGs	FBgn0017448	CG2187	3R	-	26677044	26679604	26676044	26684604	252	9	0	0	192	9	0	0	60	0	0	0	TRUE
Temp_DEGs	FBgn0020236	ATPCL	2R	-	10025306	10033027	10024306	10038027	435	0	10	0	190	0	2	0	245	0	8	0	TRUE
Temp_DEGs	FBgn0020414	Idgf3	2L	+	15808783	15811102	15803783	15812102	388	2	1	0	286	2	1	0	102	0	0	0	TRUE
Temp_DEGs	FBgn0020416	Idgf1	2L	+	15802802	15804549	15797802	15805549	301	0	1	0	210	0	0	0	91	0	1	0	TRUE
Temp_DEGs	FBgn0020513	Paics	X	-	11915965	11918300	11914965	11923300	76	0	0	0	43	0	0	0	33	0	0	0	FALSE
Temp_DEGs	FBgn0023090	dtr	2L	+	20432896	20439109	20427896	20440109	43	0	0	0	28	0	0	0	15	0	0	0	FALSE
Temp_DEGs	FBgn0024289	Sodh1	3R	+	2739089	2740859	2734089	2741859	336	25	0	0	257	15	0	0	79	10	0	0	TRUE
Temp_DEGs	FBgn0025352	Mtpbeta	2R	-	17682174	17684087	17681174	17689087	256	0	0	0	199	0	0	0	57	0	0	0	FALSE
Temp_DEGs	FBgn0025583	BomS2	2R	+	12360745	12361170	12355745	12362170	226	0	0	0	209	0	0	0	17	0	0	0	FALSE
Temp_DEGs	FBgn0027560	Tps1	2L	+	4232600	4238237	4227600	4239237	256	0	0	0	136	0	0	0	120	0	0	0	FALSE
Temp_DEGs	FBgn0028424	JhI-26	2R	+	10319142	10321138	10314142	10322138	466	1	0	0	351	1	0	0	115	0	0	0	TRUE
Temp_DEGs	FBgn0028945	CG7631	2L	+	15108411	15109417	15103411	15110417	295	0	0	0	237	0	0	0	58	0	0	0	FALSE
Temp_DEGs	FBgn0028955	CG8788	2R	+	3422697	3422930	3417697	3423930	214	0	0	0	208	0	0	0	6	0	0	0	FALSE
Temp_DEGs	FBgn0028986	Spn38F	2L	-	7979028	7980245	7978028	7985245	390	0	0	0	338	0	0	0	52	0	0	0	FALSE
Temp_DEGs	FBgn0029093	cathD	2R	-	2140028	2141403	2139028	2146403	363	0	0	0	319	0	0	0	44	0	0	0	FALSE
Temp_DEGs	FBgn0029689	CG6428	X	-	3534738	3537984	3533738	3542984	131	3	0	0	89	3	0	0	42	0	0	0	TRUE
Temp_DEGs	FBgn0029849	Efr	X	+	5680518	5681576	5675518	5682576	119	0	0	0	109	0	0	0	10	0	0	0	FALSE
Temp_DEGs	FBgn0030304	Cyp4g15	X	+	10717473	10724060	10712473	10725060	174	0	0	0	61	0	0	0	113	0	0	0	FALSE
Temp_DEGs	FBgn0030357	Sclp	X	-	11108135	11111319	11107135	11116319	119	0	0	0	81	0	0	0	38	0	0	0	FALSE
Temp_DEGs	FBgn0030594	fiz	X	-	13958669	13962170	13957669	13967170	284	2	0	0	174	2	0	0	110	0	0	0	TRUE
Temp_DEGs	FBgn0030999	Mur18B	X	+	18052459	18054347	18047459	18055347	87	0	0	0	86	0	0	0	1	0	0	0	FALSE
Temp_DEGs	FBgn0031037	CG14207	X	+	18432833	18439023	18427833	18440023	295	1	0	0	145	1	0	0	150	0	0	0	TRUE
Temp_DEGs	FBgn0031432	Cyp309a1	2L	-	2445899	2447900	2444899	2452900	369	1	17	0	273	0	11	0	96	1	6	0	TRUE
Temp_DEGs	FBgn0031451	CG9961	2L	-	2619498	2621177	2618498	2626177	314	0	1	0	221	0	1	0	93	0	0	0	TRUE
Temp_DEGs	FBgn0031517	CG15406	2L	+	3156747	3159683	3151747	3160683	274	0	0	0	194	0	0	0	80	0	0	0	FALSE
Temp_DEGs	FBgn0031538	CG3246	2L	-	3308021	3309670	3307021	3314670	225	1	1	0	168	1	1	0	57	0	0	0	TRUE
Temp_DEGs	FBgn0031579	CG15422	2L	+	3844818	3845682	3839818	3846682	225	1	0	0	202	1	0	0	23	0	0	0	TRUE
Temp_DEGs	FBgn0031693	Cyp4ac1	2L	+	5076813	5078570	5071813	5079570	29	0	0	0	29	0	0	0	0	0	0	0	FALSE
Temp_DEGs	FBgn0031707	CG14020	2L	+	5325876	5327149	5320876	5328149	516	0	0	0	399	0	0	0	117	0	0	0	FALSE
Temp_DEGs	FBgn0032835	CG16772	2L	+	19198385	19199692	19193385	19200692	318	1	0	0	254	1	0	0	64	0	0	0	TRUE
Temp_DEGs	FBgn0033301	CG12780	2R	-	2843538	2844240	2842538	2849240	280	0	0	0	260	0	0	0	20	0	0	0	FALSE
Temp_DEGs	FBgn0033373	Nadk2	2R	-	3372477	3376095	3371477	3381095	317	7	0	0	203	5	0	0	114	2	0	0	TRUE
Temp_DEGs	FBgn0033395	Cyp4p2	2R	+	3512965	3515049	3507965	3516049	292	0	0	0	197	0	0	0	95	0	0	0	FALSE
Temp_DEGs	FBgn0033557	CG12325	2R	+	5030889	5034906	5025889	5035906	258	2	0	0	162	2	0	0	96	0	0	0	TRUE
Temp_DEGs	FBgn0033710	CG17739	2R	+	6471660	6474825	6466660	6475825	226	0	10	0	139	0	9	0	87	0	1	0	TRUE
Temp_DEGs	FBgn0033729	Cpr49Af	2R	+	6569047	6569583	6564047	6570583	212	0	6	0	194	0	4	0	18	0	2	0	TRUE
Temp_DEGs	FBgn0033763	CG8646	2R	+	6818604	6822277	6813604	6823277	568	0	0	0	337	0	0	0	231	0	0	0	FALSE
Temp_DEGs	FBgn0033978	Cyp6a23	2R	+	8947403	8948974	8942403	8949974	255	0	0	0	223	0	0	0	32	0	0	0	FALSE
Temp_DEGs	FBgn0034140	Lst	2R	-	10600627	10601962	10599627	10606962	240	7	0	0	209	6	0	0	31	1	0	0	TRUE
Temp_DEGs	FBgn0034299	CG5757	2R	-	12085718	12086775	12084718	12091775	257	3	7	0	196	3	7	0	61	0	0	0	TRUE
Temp_DEGs	FBgn0034312	CG10916	2R	+	12161474	12162817	12156474	12163817	377	3	0	0	297	3	0	0	80	0	0	0	TRUE
Temp_DEGs	FBgn0034329	BomS1	2R	+	12358292	12358496	12353292	12359496	231	0	3	0	222	0	3	0	9	0	0	0	TRUE
Temp_DEGs	FBgn0034331	BomBc2	2R	-	12359304	12359971	12358304	12364971	329	4	0	0	294	4	0	0	35	0	0	0	TRUE
Temp_DEGs	FBgn0034573	Sou	2R	-	14880042	14881874	14879042	14886874	362	0	0	0	322	0	0	0	40	0	0	0	FALSE
Temp_DEGs	FBgn0034723	CG13506	2R	+	16225275	16236376	16220275	16237376	674	0	1	0	297	0	1	0	377	0	0	0	TRUE
Temp_DEGs	FBgn0035344	Cyp4d20	3L	-	2349214	2352689	2348214	2357689	340	0	1	0	190	0	1	0	150	0	0	0	TRUE
Temp_DEGs	FBgn0035346	CG1146	3L	+	2363224	2365768	2358224	2366768	273	1	1	0	209	1	0	0	64	0	1	0	TRUE
Temp_DEGs	FBgn0035529	Fdx2	3L	+	4327109	4328097	4322109	4329097	366	0	0	0	322	0	0	0	44	0	0	0	FALSE
Temp_DEGs	FBgn0036342	CG11279	3L	+	12744508	12745382	12739508	12746382	287	0	0	0	225	0	0	0	62	0	0	0	FALSE
Temp_DEGs	FBgn0036364	CG14109	3L	+	13139772	13141101	13134772	13142101	411	0	0	0	344	0	0	0	67	0	0	0	FALSE
Temp_DEGs	FBgn0036496	cocoon	3L	-	15097423	15098496	15096423	15103496	169	0	1	0	147	0	1	0	22	0	0	0	TRUE
Temp_DEGs	FBgn0036619	Cpr72Ec	3L	-	15972087	15973680	15971087	15978680	352	0	7	0	301	0	7	0	51	0	0	0	TRUE
Temp_DEGs	FBgn0036627	Gagr	3L	+	16000563	16002785	15995563	16003785	268	0	0	0	209	0	0	0	59	0	0	0	FALSE
Temp_DEGs	FBgn0037025	Spc105R	3L	+	19980829	19987362	19975829	19988362	639	0	1	0	208	0	0	0	431	0	1	0	TRUE
Temp_DEGs	FBgn0037224	TwdlF	3R	+	84484	85542	79484	86542	181	3	7	0	174	3	7	0	7	0	0	0	TRUE
Temp_DEGs	FBgn0037683	CG18473	3R	-	15723080	15724575	15722080	15729575	233	1	0	0	167	0	0	0	66	1	0	0	TRUE
Temp_DEGs	FBgn0037936	CG6908	3R	+	13470412	13472906	13465412	13473906	523	5	0	0	385	3	0	0	138	2	0	0	TRUE
Temp_DEGs	FBgn0038118	timeout	3R	-	12066742	12134479	12065742	12139479	2186	652	533	499	225	49	27	25	1961	603	506	474	TRUE
Temp_DEGs	FBgn0038147	CCHa2	3R	+	11844999	11848988	11839999	11849988	299	10	7	1	158	5	2	0	141	5	5	1	TRUE
Temp_DEGs	FBgn0038658	CG14292	3R	+	6451892	6452765	6446892	6453765	159	0	0	0	132	0	0	0	27	0	0	0	FALSE
Temp_DEGs	FBgn0038790	MtnC	3R	-	5049652	5050128	5048652	5055128	291	0	0	0	262	0	0	0	29	0	0	0	FALSE
Temp_DEGs	FBgn0039031	Gbp3	3R	+	18179397	18180271	18174397	18181271	214	16	1	1	170	16	1	1	44	0	0	0	TRUE
Temp_DEGs	FBgn0039051	CG17109	3R	+	18296936	18298367	18291936	18299367	349	0	0	0	275	0	0	0	74	0	0	0	FALSE
Temp_DEGs	FBgn0039308	CG11889	3R	+	20440134	20443022	20435134	20444022	392	0	0	0	263	0	0	0	129	0	0	0	FALSE
Temp_DEGs	FBgn0039332	alrm	3R	-	20550856	20552574	20549856	20557574	402	1	0	0	312	1	0	0	90	0	0	0	TRUE
Temp_DEGs	FBgn0039682	Obp99c	3R	-	24697909	24699085	24696909	24704085	306	0	2	0	258	0	0	0	48	0	2	0	TRUE
Temp_DEGs	FBgn0039827	CG1544	3R	+	26150050	26156873	26145050	26157873	374	11	0	0	173	3	0	0	201	8	0	0	TRUE
Temp_DEGs	FBgn0039872	salt	3R	-	26673229	26676322	26672229	26681322	246	10	0	0	171	10	0	0	75	0	0	0	TRUE
Temp_DEGs	FBgn0040211	hgo	2L	+	10780376	10782961	10775376	10783961	367	0	0	0	184	0	0	0	183	0	0	0	FALSE
Temp_DEGs	FBgn0040532	CG8369	3R	-	16229597	16230436	16228597	16235436	247	0	0	0	180	0	0	0	67	0	0	0	FALSE
Temp_DEGs	FBgn0040732	CG16926	2R	-	13457148	13458620	13456148	13463620	319	0	0	0	263	0	0	0	56	0	0	0	FALSE
Temp_DEGs	FBgn0040735	BomT2	2R	+	12363294	12363585	12358294	12364585	304	4	0	0	270	4	0	0	34	0	0	0	TRUE
Temp_DEGs	FBgn0040736	BomS3	2R	+	12362412	12362602	12357412	12363602	258	4	0	0	252	4	0	0	6	0	0	0	TRUE
Temp_DEGs	FBgn0041194	Prat2	3L	-	6819981	6823353	6818981	6828353	355	0	0	0	185	0	0	0	170	0	0	0	FALSE
Temp_DEGs	FBgn0042129	OS9	2L	-	19201294	19202383	19200294	19207383	336	0	1	0	263	0	1	0	73	0	0	0	TRUE
Temp_DEGs	FBgn0043783	CG32444	3L	+	20772789	20774687	20767789	20775687	213	0	2	0	171	0	1	0	42	0	1	0	TRUE
Temp_DEGs	FBgn0046301	CG7148	3L	-	20916530	20918803	20915530	20923803	138	0	0	0	111	0	0	0	27	0	0	0	FALSE
Temp_DEGs	FBgn0050075	CG30075	2R	+	8458891	8459478	8453891	8460478	235	0	0	0	229	0	0	0	6	0	0	0	FALSE
Temp_DEGs	FBgn0050154	CG30154	2R	+	14410769	14412788	14405769	14413788	397	0	0	0	318	0	0	0	79	0	0	0	FALSE
Temp_DEGs	FBgn0051092	LpR2	3R	-	20871074	20904145	20870074	20909145	1503	0	6	0	262	0	6	0	1241	0	0	0	TRUE
Temp_DEGs	FBgn0051516	CG31516	3R	-	55901	57101	54901	62101	136	5	1	0	120	5	1	0	16	0	0	0	TRUE
Temp_DEGs	FBgn0052573	CG32573	X	+	15539939	15541255	15534939	15542255	96	0	0	0	95	0	0	0	1	0	0	0	FALSE
Temp_DEGs	FBgn0053012	CG33012	2R	+	6530046	6533668	6525046	6534668	458	0	0	0	299	0	0	0	159	0	0	0	FALSE
Temp_DEGs	FBgn0053120	CG33120	2L	-	18135719	18138846	18134719	18143846	465	0	0	0	312	0	0	0	153	0	0	0	FALSE
Temp_DEGs	FBgn0061356	Hao	2R	+	5090655	5091923	5085655	5092923	405	5	0	0	349	4	0	0	56	1	0	0	TRUE
Temp_DEGs	FBgn0061476	Zwilch	3R	-	26164037	26166504	26163037	26171504	246	29	0	0	173	28	0	0	73	1	0	0	TRUE
Temp_DEGs	FBgn0063491	GstE9	2R	+	12386479	12387800	12381479	12388800	358	0	7	0	332	0	6	0	26	0	1	0	TRUE
Temp_DEGs	FBgn0085360	CG34331	X	+	18879038	18879424	18874038	18880424	149	0	0	0	148	0	0	0	1	0	0	0	FALSE
Temp_DEGs	FBgn0259712	CG42366	2L	+	9616166	9619634	9611166	9620634	450	0	0	0	303	0	0	0	147	0	0	0	FALSE
Temp_DEGs	FBgn0259716	Nepl6	2L	-	6180086	6182053	6179086	6187053	417	0	1	0	327	0	1	0	90	0	0	0	TRUE
Temp_DEGs	FBgn0259923	Septin4	X	-	15572404	15583529	15571404	15588529	367	0	0	0	87	0	0	0	280	0	0	0	FALSE
Temp_DEGs	FBgn0260396	CG42521	3L	-	10389960	10390555	10388960	10395555	333	0	0	0	294	0	0	0	39	0	0	0	FALSE
Temp_DEGs	FBgn0261068	LSm7	2L	-	16094145	16094465	16093145	16099465	216	0	0	0	209	0	0	0	7	0	0	0	FALSE
Temp_DEGs	FBgn0261363	PPO3	2R	+	16890866	16893101	16885866	16894101	316	0	0	0	268	0	0	0	48	0	0	0	FALSE
Temp_DEGs	FBgn0264326	PolE1	3R	+	18551035	18557931	18546035	18558931	622	6	0	0	237	1	0	0	385	5	0	0	TRUE
Temp_DEGs	FBgn0265048	cv-d	3R	+	9456630	9465796	9451630	9466796	429	1	1	0	224	0	0	0	205	1	1	0	TRUE
LabXTemp_DEGs	FBgn0002719	Men	3R	+	12494122	12502917	12489122	12503917	560	37	0	0	236	6	0	0	324	31	0	0	TRUE
LabXTemp_DEGs	FBgn0003034	SP	3L	+	12998673	12999138	12993673	13000138	241	0	0	0	230	0	0	0	11	0	0	0	FALSE
LabXTemp_DEGs	FBgn0013772	Cyp6a8	2R	-	8959025	8960855	8958025	8965855	311	0	11	0	235	0	11	0	76	0	0	0	TRUE
LabXTemp_DEGs	FBgn0025454	Cyp6g1	2R	+	6349905	6352728	6344905	6353728	103	0	0	0	72	0	0	0	31	0	0	0	FALSE
LabXTemp_DEGs	FBgn0026576	Pisd	3R	+	19239532	19242003	19234532	19243003	245	7	0	0	170	2	0	0	75	5	0	0	TRUE
LabXTemp_DEGs	FBgn0028543	NimB2	2L	-	13485929	13488019	13484929	13493019	251	0	3	0	183	0	3	0	68	0	0	0	TRUE
LabXTemp_DEGs	FBgn0031907	CG5171	2L	+	7157858	7159919	7152858	7160919	446	0	0	0	327	0	0	0	119	0	0	0	FALSE
LabXTemp_DEGs	FBgn0031925	Cyp4d21	2L	+	7358548	7360721	7353548	7361721	360	0	1	0	208	0	1	0	152	0	0	0	TRUE
LabXTemp_DEGs	FBgn0031971	Sirup	2L	+	7746481	7747326	7741481	7748326	330	2	2	0	312	2	2	0	18	0	0	0	TRUE
LabXTemp_DEGs	FBgn0032820	fbp	2L	-	18996483	18999297	18995483	19004297	470	0	0	0	334	0	0	0	136	0	0	0	FALSE
LabXTemp_DEGs	FBgn0033980	Cyp6a20	2R	+	8953983	8955907	8948983	8956907	302	0	1	0	241	0	1	0	61	0	0	0	TRUE
LabXTemp_DEGs	FBgn0034942	CG13566	2R	-	17769213	17770587	17768213	17775587	272	0	0	0	217	0	0	0	55	0	0	0	FALSE
LabXTemp_DEGs	FBgn0037934	CG6830	3R	+	13476326	13479786	13471326	13480786	544	3	0	0	338	2	0	0	206	1	0	0	TRUE
LabXTemp_DEGs	FBgn0040256	Ugt35C1	3R	+	14027102	14029391	14022102	14030391	331	25	0	0	199	9	0	0	132	16	0	0	TRUE
LabXTemp_DEGs	FBgn0263763	CG43680	3L	-	14686748	14686897	14685748	14691897	340	0	4	0	332	0	4	0	8	0	0	0	TRUE
LabXTemp_DEGs	FBgn0264489	CG43897	3L	+	9598334	9617684	9593334	9618684	946	0	0	0	260	0	0	0	686	0	0	0	FALSE
Hot_DEGs	FBgn0000038	nAChRbeta1	3L	+	4454166	4460748	4449166	4461748	380	0	0	0	247	0	0	0	133	0	0	0	FALSE
Hot_DEGs	FBgn0000094	Anp	3R	+	25208747	25208979	25203747	25209979	280	16	0	0	273	15	0	0	7	1	0	0	TRUE
Hot_DEGs	FBgn0000527	e	3R	+	4180490	4187917	4175490	4188917	554	11	6	0	298	11	5	0	256	0	1	0	TRUE
Hot_DEGs	FBgn0000592	Est-6	3L	+	11896393	11898474	11891393	11899474	556	0	1	0	444	0	1	0	112	0	0	0	TRUE
Hot_DEGs	FBgn0001112	Gld	3R	-	2937155	2950682	2936155	2955682	663	4	2	0	239	1	0	0	424	3	2	0	TRUE
Hot_DEGs	FBgn0002571	Mal-A3	2R	-	2750103	2752069	2749103	2757069	340	0	0	0	272	0	0	0	68	0	0	0	FALSE
Hot_DEGs	FBgn0002856	Acp26Ab	2L	-	5691931	5693648	5690931	5698648	414	0	0	0	314	0	0	0	100	0	0	0	FALSE
Hot_DEGs	FBgn0003034	SP	3L	+	12998673	12999138	12993673	13000138	241	0	0	0	230	0	0	0	11	0	0	0	FALSE
Hot_DEGs	FBgn0003386	Shaw	2L	+	3562128	3567794	3557128	3568794	362	2	0	0	223	2	0	0	139	0	0	0	TRUE
Hot_DEGs	FBgn0004066	Prosalpha4	X	+	15182759	15184612	15177759	15185612	165	0	0	0	117	0	0	0	48	0	0	0	FALSE
Hot_DEGs	FBgn0004181	Ebp	2R	-	18926380	18927546	18925380	18932546	72	0	0	0	69	0	0	0	3	0	0	0	FALSE
Hot_DEGs	FBgn0004240	DptA	2R	+	12820044	12820766	12815044	12821766	54	0	0	0	54	0	0	0	0	0	0	0	FALSE
Hot_DEGs	FBgn0004575	Syn	3R	-	14893944	14919774	14892944	14924774	1249	1	5	0	326	0	3	0	923	1	2	0	TRUE
Hot_DEGs	FBgn0004629	Cys	3R	+	10700612	10701531	10695612	10702531	214	0	0	0	190	0	0	0	24	0	0	0	FALSE
Hot_DEGs	FBgn0004896	fd59A	2R	+	16701474	16703190	16696474	16704190	279	0	3	0	206	0	2	0	73	0	1	0	TRUE
Hot_DEGs	FBgn0008636	hbn	2R	-	14819661	14825306	14818661	14830306	375	1	0	0	202	0	0	0	173	1	0	0	TRUE
Hot_DEGs	FBgn0010015	CanA1	3R	+	25999575	26007160	25994575	26008160	489	0	1	0	226	0	0	0	263	0	1	0	TRUE
Hot_DEGs	FBgn0010053	Jheh1	2R	-	12807096	12809101	12806096	12814101	296	0	0	0	214	0	0	0	82	0	0	0	FALSE
Hot_DEGs	FBgn0010357	betaTry	2R	+	5524682	5525443	5519682	5526443	184	0	1	0	183	0	1	0	1	0	0	0	TRUE
Hot_DEGs	FBgn0010425	epsilonTry	2R	-	5523615	5524385	5522615	5529385	87	0	0	0	73	0	0	0	14	0	0	0	FALSE
Hot_DEGs	FBgn0010497	dmGlut	2L	+	11640445	11646186	11635445	11647186	405	1	1	0	203	1	1	0	202	0	0	0	TRUE
Hot_DEGs	FBgn0011284	RpS4	3L	+	12739297	12741522	12734297	12742522	253	0	0	0	185	0	0	0	68	0	0	0	FALSE
Hot_DEGs	FBgn0011555	thetaTry	2R	-	5520079	5521129	5519079	5526129	217	0	1	0	164	0	0	0	53	0	1	0	TRUE
Hot_DEGs	FBgn0011559	Acp36DE	2L	-	17658980	17662015	17657980	17667015	302	0	0	0	183	0	0	0	119	0	0	0	FALSE
Hot_DEGs	FBgn0011668	Mst57Da	3R	-	20996393	20996690	20995393	21001690	311	0	0	0	297	0	0	0	14	0	0	0	FALSE
Hot_DEGs	FBgn0011669	Mst57Db	3R	-	20995551	20995766	20994551	21000766	292	0	0	0	285	0	0	0	7	0	0	0	FALSE
Hot_DEGs	FBgn0011670	Mst57Dc	3R	-	20993858	20994530	20992858	20999530	320	0	0	0	307	0	0	0	13	0	0	0	FALSE
Hot_DEGs	FBgn0011694	EbpII	2R	-	18924492	18925066	18923492	18930066	64	0	0	0	58	0	0	0	6	0	0	0	FALSE
Hot_DEGs	FBgn0011695	EbpIII	2R	+	17834924	17835304	17829924	17836304	169	0	0	0	165	0	0	0	4	0	0	0	FALSE
Hot_DEGs	FBgn0013772	Cyp6a8	2R	-	8959025	8960855	8958025	8965855	311	0	11	0	235	0	11	0	76	0	0	0	TRUE
Hot_DEGs	FBgn0014469	Cyp4e2	2R	+	2738611	2741100	2733611	2742100	327	0	0	0	184	0	0	0	143	0	0	0	FALSE
Hot_DEGs	FBgn0014865	Mtk	2R	+	9438244	9438534	9433244	9439534	177	0	0	0	165	0	0	0	12	0	0	0	FALSE
Hot_DEGs	FBgn0014868	Ost48	X	-	8496926	8498511	8495926	8503511	110	0	0	0	99	0	0	0	11	0	0	0	FALSE
Hot_DEGs	FBgn0015010	Ag5r	X	-	13843626	13845381	13842626	13850381	131	0	0	0	102	0	0	0	29	0	0	0	FALSE
Hot_DEGs	FBgn0015035	Cyp4e3	2L	-	9440852	9443198	9439852	9448198	422	0	1	0	238	0	1	0	184	0	0	0	TRUE
Hot_DEGs	FBgn0015039	Cyp9b2	2R	-	1488160	1490342	1487160	1495342	294	0	17	0	221	0	17	0	73	0	0	0	TRUE
Hot_DEGs	FBgn0015221	Fer2LCH	3R	+	25368881	25371517	25363881	25372517	413	0	0	0	300	0	0	0	113	0	0	0	FALSE
Hot_DEGs	FBgn0015584	Acp53Ea	2R	-	10775190	10775884	10774190	10780884	368	0	0	0	326	0	0	0	42	0	0	0	FALSE
Hot_DEGs	FBgn0016054	phr6-4	2L	-	19749621	19752782	19748621	19757782	316	2	11	0	224	2	8	0	92	0	3	0	TRUE
Hot_DEGs	FBgn0019928	Ser8	2R	+	7550078	7551169	7545078	7552169	183	0	0	0	129	0	0	0	54	0	0	0	FALSE
Hot_DEGs	FBgn0020304	drongo	2L	-	793556	810863	792556	815863	756	0	1	0	178	0	0	0	578	0	1	0	TRUE
Hot_DEGs	FBgn0020509	Acp62F	3L	+	2612480	2613537	2607480	2614537	295	0	0	0	243	0	0	0	52	0	0	0	FALSE
Hot_DEGs	FBgn0020906	Jon25Bi	2L	-	4775664	4776534	4774664	4781534	345	0	0	0	325	0	0	0	20	0	0	0	FALSE
Hot_DEGs	FBgn0021795	Tapdelta	2R	-	5542788	5543709	5541788	5548709	288	0	19	0	262	0	19	0	26	0	0	0	TRUE
Hot_DEGs	FBgn0023197	Jon74E	3L	-	17107318	17111536	17106318	17116536	285	0	0	0	165	0	0	0	120	0	0	0	FALSE
Hot_DEGs	FBgn0023214	edl	2R	-	12621614	12622144	12620614	12627144	231	0	0	0	220	0	0	0	11	0	0	0	FALSE
Hot_DEGs	FBgn0024947	NTPase	2L	-	2749978	2754362	2748978	2759362	337	0	1	0	193	0	0	0	144	0	1	0	TRUE
Hot_DEGs	FBgn0024994	Ugalt	X	-	2389055	2391654	2388055	2396654	191	0	0	0	181	0	0	0	10	0	0	0	FALSE
Hot_DEGs	FBgn0025454	Cyp6g1	2R	+	6349905	6352728	6344905	6353728	103	0	0	0	72	0	0	0	31	0	0	0	FALSE
Hot_DEGs	FBgn0025631	moody	X	-	1771740	1777812	1770740	1782812	24	0	0	0	19	0	0	0	5	0	0	0	FALSE
Hot_DEGs	FBgn0025709	CNT2	2R	+	3362853	3365031	3357853	3366031	304	8	0	0	200	6	0	0	104	2	0	0	TRUE
Hot_DEGs	FBgn0027506	EDTP	2R	-	11436874	11449917	11435874	11454917	587	2	0	0	111	0	0	0	476	2	0	0	TRUE
Hot_DEGs	FBgn0027562	CG10345	3R	+	8711096	8718977	8706096	8719977	431	0	14	0	224	0	14	0	207	0	0	0	TRUE
Hot_DEGs	FBgn0027601	pdgy	X	-	13984382	13992225	13983382	13997225	422	0	0	0	194	0	0	0	228	0	0	0	FALSE
Hot_DEGs	FBgn0027611	LManII	2L	+	10127826	10132647	10122826	10133647	738	29	10	1	419	5	1	0	319	24	9	1	TRUE
Hot_DEGs	FBgn0027657	glob1	3R	+	9408029	9413532	9403029	9414532	512	7	0	0	310	6	0	0	202	1	0	0	TRUE
Hot_DEGs	FBgn0027932	Akap200	2L	+	8153816	8169559	8148816	8170559	728	1	4	0	281	0	0	0	447	1	4	0	TRUE
Hot_DEGs	FBgn0028394	CG17834	2L	+	8257725	8270080	8252725	8271080	976	6	4	0	264	6	0	0	712	0	4	0	TRUE
Hot_DEGs	FBgn0028424	JhI-26	2R	+	10319142	10321138	10314142	10322138	466	1	0	0	351	1	0	0	115	0	0	0	TRUE
Hot_DEGs	FBgn0028473	Non1	2R	-	3663845	3666365	3662845	3671365	300	13	0	0	240	13	0	0	60	0	0	0	TRUE
Hot_DEGs	FBgn0028534	CG7916	2L	+	13376916	13377900	13371916	13378900	350	1	1	0	310	1	1	0	40	0	0	0	TRUE
Hot_DEGs	FBgn0028563	sut1	2R	+	2387600	2391584	2382600	2392584	396	12	0	0	224	7	0	0	172	5	0	0	TRUE
Hot_DEGs	FBgn0028583	lcs	X	-	20034614	20035545	20033614	20040545	90	0	0	0	82	0	0	0	8	0	0	0	FALSE
Hot_DEGs	FBgn0028920	CG8997	2L	-	13374040	13375711	13373040	13380711	417	1	1	0	347	1	1	0	70	0	0	0	TRUE
Hot_DEGs	FBgn0028945	CG7631	2L	+	15108411	15109417	15103411	15110417	295	0	0	0	237	0	0	0	58	0	0	0	FALSE
Hot_DEGs	FBgn0029831	CG5966	X	+	5458148	5462023	5453148	5463023	209	0	0	0	112	0	0	0	97	0	0	0	FALSE
Hot_DEGs	FBgn0029975	spidey	X	+	7282803	7286262	7277803	7287262	127	0	0	0	69	0	0	0	58	0	0	0	FALSE
Hot_DEGs	FBgn0030051	spirit	X	-	7934859	7937631	7933859	7942631	131	0	0	0	91	0	0	0	40	0	0	0	FALSE
Hot_DEGs	FBgn0030332	CG9360	X	-	10956352	10957484	10955352	10962484	107	0	0	0	90	0	0	0	17	0	0	0	FALSE
Hot_DEGs	FBgn0030357	Sclp	X	-	11108135	11111319	11107135	11116319	119	0	0	0	81	0	0	0	38	0	0	0	FALSE
Hot_DEGs	FBgn0030362	regucalcin	X	+	11199719	11203024	11194719	11204024	251	0	0	0	171	0	0	0	80	0	0	0	FALSE
Hot_DEGs	FBgn0030520	Pdcd4	X	-	12888030	12897724	12887030	12902724	236	0	0	0	116	0	0	0	120	0	0	0	FALSE
Hot_DEGs	FBgn0030589	CG9519	X	-	13907497	13909778	13906497	13914778	179	0	0	0	139	0	0	0	40	0	0	0	FALSE
Hot_DEGs	FBgn0030615	Cyp4s3	X	-	14144661	14148659	14143661	14153659	224	0	2	0	142	0	2	0	82	0	0	0	TRUE
Hot_DEGs	FBgn0030828	CG5162	X	+	16092621	16095175	16087621	16096175	179	5	0	0	135	5	0	0	44	0	0	0	TRUE
Hot_DEGs	FBgn0031190	CG12576	X	-	20257154	20264182	20256154	20269182	86	7	0	0	16	0	0	0	70	7	0	0	TRUE
Hot_DEGs	FBgn0031276	CG12506	2L	+	733572	736922	728572	737922	287	0	0	0	194	0	0	0	93	0	0	0	FALSE
Hot_DEGs	FBgn0031313	CG5080	2L	-	1104200	1108006	1103200	1113006	279	0	22	0	181	0	22	0	98	0	0	0	TRUE
Hot_DEGs	FBgn0031451	CG9961	2L	-	2619498	2621177	2618498	2626177	314	0	1	0	221	0	1	0	93	0	0	0	TRUE
Hot_DEGs	FBgn0031579	CG15422	2L	+	3844818	3845682	3839818	3846682	225	1	0	0	202	1	0	0	23	0	0	0	TRUE
Hot_DEGs	FBgn0031654	Jon25Bii	2L	-	4773873	4774796	4772873	4779796	327	0	0	0	311	0	0	0	16	0	0	0	FALSE
Hot_DEGs	FBgn0031689	Cyp28d1	2L	+	5020189	5022216	5015189	5023216	196	0	0	0	134	0	0	0	62	0	0	0	FALSE
Hot_DEGs	FBgn0031913	CG5958	2L	-	7186013	7189481	7185013	7194481	494	0	0	0	324	0	0	0	170	0	0	0	FALSE
Hot_DEGs	FBgn0031925	Cyp4d21	2L	+	7358548	7360721	7353548	7361721	360	0	1	0	208	0	1	0	152	0	0	0	TRUE
Hot_DEGs	FBgn0031971	Sirup	2L	+	7746481	7747326	7741481	7748326	330	2	2	0	312	2	2	0	18	0	0	0	TRUE
Hot_DEGs	FBgn0031995	CG8475	2L	-	7928666	7935364	7927666	7940364	551	0	0	0	284	0	0	0	267	0	0	0	FALSE
Hot_DEGs	FBgn0032055	Sgp	2L	+	8247892	8250315	8242892	8251315	525	3	0	0	369	3	0	0	156	0	0	0	TRUE
Hot_DEGs	FBgn0032069	LManVI	2L	-	8492545	8496244	8491545	8501244	353	0	0	0	243	0	0	0	110	0	0	0	FALSE
Hot_DEGs	FBgn0032122	CG31883	2L	+	9221996	9223323	9216996	9224323	279	0	4	0	221	0	3	0	58	0	1	0	TRUE
Hot_DEGs	FBgn0032138	CG4364	2L	-	9402284	9404529	9401284	9409529	310	0	4	0	174	0	4	0	136	0	0	0	TRUE
Hot_DEGs	FBgn0032187	CG4839	2L	+	9821430	9832116	9816430	9833116	581	1	1	0	203	0	1	0	378	1	0	0	TRUE
Hot_DEGs	FBgn0032253	LManI	2L	-	10122652	10127345	10121652	10132345	776	25	10	1	419	25	10	1	357	0	0	0	TRUE
Hot_DEGs	FBgn0032285	CG17108	2L	-	10354313	10355472	10353313	10360472	258	1	1	0	254	1	1	0	4	0	0	0	TRUE
Hot_DEGs	FBgn0032373	Vha100-5	2L	+	11359113	11364816	11354113	11365816	587	3	1	0	249	0	1	0	338	3	0	0	TRUE
Hot_DEGs	FBgn0032400	CG6770	2L	-	11658059	11658834	11657059	11663834	254	0	0	0	232	0	0	0	22	0	0	0	FALSE
Hot_DEGs	FBgn0032433	Oatp33Ea	2L	-	12043208	12047828	12042208	12052828	475	0	0	0	230	0	0	0	245	0	0	0	FALSE
Hot_DEGs	FBgn0032472	CG9928	2L	-	12707138	12707599	12706138	12712599	309	0	0	0	277	0	0	0	32	0	0	0	FALSE
Hot_DEGs	FBgn0032507	CG9377	2L	-	12922056	12923719	12921056	12928719	272	2	0	0	166	2	0	0	106	0	0	0	TRUE
Hot_DEGs	FBgn0032783	CG10237	2L	-	18707884	18714775	18706884	18719775	438	1	0	0	165	0	0	0	273	1	0	0	TRUE
Hot_DEGs	FBgn0032946	nrv3	2L	+	20453498	20467500	20448498	20468500	42	0	0	0	7	0	0	0	35	0	0	0	FALSE
Hot_DEGs	FBgn0033065	Cyp6w1	2R	+	761111	763114	756111	764114	225	24	1	0	142	4	1	0	83	20	0	0	TRUE
Hot_DEGs	FBgn0033204	CG2065	2R	+	1986914	1988397	1981914	1989397	372	1	0	0	304	1	0	0	68	0	0	0	TRUE
Hot_DEGs	FBgn0033209	CG12107	2R	+	1997021	1998107	1992021	1999107	252	0	0	0	226	0	0	0	26	0	0	0	FALSE
Hot_DEGs	FBgn0033216	CG1946	2R	+	2037606	2039449	2032606	2040449	423	2	20	0	325	2	19	0	98	0	1	0	TRUE
Hot_DEGs	FBgn0033357	Tom7	2R	+	3234407	3235073	3229407	3236073	140	0	0	0	119	0	0	0	21	0	0	0	FALSE
Hot_DEGs	FBgn0033500	Csgalnact	2R	+	4491151	4493578	4486151	4494578	419	11	3	0	279	9	2	0	140	2	1	0	TRUE
Hot_DEGs	FBgn0033729	Cpr49Af	2R	+	6569047	6569583	6564047	6570583	212	0	6	0	194	0	4	0	18	0	2	0	TRUE
Hot_DEGs	FBgn0033820	CG4716	2R	+	7376561	7379248	7371561	7380248	382	0	0	0	252	0	0	0	130	0	0	0	FALSE
Hot_DEGs	FBgn0033980	Cyp6a20	2R	+	8953983	8955907	8948983	8956907	302	0	1	0	241	0	1	0	61	0	0	0	TRUE
Hot_DEGs	FBgn0034117	CG7997	2R	-	10370709	10373709	10369709	10378709	299	0	0	0	178	0	0	0	121	0	0	0	FALSE
Hot_DEGs	FBgn0034140	Lst	2R	-	10600627	10601962	10599627	10606962	240	7	0	0	209	6	0	0	31	1	0	0	TRUE
Hot_DEGs	FBgn0034152	Acp53C14a	2R	-	10773438	10774091	10772438	10779091	319	0	0	0	277	0	0	0	42	0	0	0	FALSE
Hot_DEGs	FBgn0034153	Acp53C14b	2R	-	10774422	10774979	10773422	10779979	348	0	0	0	323	0	0	0	25	0	0	0	FALSE
Hot_DEGs	FBgn0034180	Ehbp1	2R	-	11032392	11040775	11031392	11045775	489	23	27	0	173	5	13	0	316	18	14	0	TRUE
Hot_DEGs	FBgn0034229	CtsK2	2R	+	11512593	11514279	11507593	11515279	327	0	5	0	227	0	3	0	100	0	2	0	TRUE
Hot_DEGs	FBgn0034277	OstDelta	2R	-	11764412	11767059	11763412	11772059	406	24	0	0	271	12	0	0	135	12	0	0	TRUE
Hot_DEGs	FBgn0034290	CG5773	2R	-	12040193	12041441	12039193	12046441	298	7	36	7	253	5	31	5	45	2	5	2	TRUE
Hot_DEGs	FBgn0034443	cer	2R	-	13353576	13354101	13352576	13359101	315	0	0	0	292	0	0	0	23	0	0	0	FALSE
Hot_DEGs	FBgn0034573	Sou	2R	-	14880042	14881874	14879042	14886874	362	0	0	0	322	0	0	0	40	0	0	0	FALSE
Hot_DEGs	FBgn0034684	CG13501	2R	-	15904549	15906369	15903549	15911369	289	0	0	0	191	0	0	0	98	0	0	0	FALSE
Hot_DEGs	FBgn0034761	CG4250	2R	+	16498153	16498848	16493153	16499848	117	0	0	0	91	0	0	0	26	0	0	0	FALSE
Hot_DEGs	FBgn0034768	Obp58b	2R	+	16539387	16540638	16534387	16541638	374	0	6	0	308	0	5	0	66	0	1	0	TRUE
Hot_DEGs	FBgn0034784	CG9826	2R	+	16675310	16677455	16670310	16678455	262	0	0	0	209	0	0	0	53	0	0	0	FALSE
Hot_DEGs	FBgn0034796	CG3700	2R	+	16727313	16728602	16722313	16729602	313	0	0	0	258	0	0	0	55	0	0	0	FALSE
Hot_DEGs	FBgn0034825	Gpdh2	2R	-	16958246	16959898	16957246	16964898	294	0	0	0	205	0	0	0	89	0	0	0	FALSE
Hot_DEGs	FBgn0034997	CG3376	2R	+	18048150	18055316	18043150	18056316	510	0	1	0	246	0	1	0	264	0	0	0	TRUE
Hot_DEGs	FBgn0035087	CG2765	2R	-	18726750	18732137	18725750	18737137	199	0	0	0	144	0	0	0	55	0	0	0	FALSE
Hot_DEGs	FBgn0035094	CG9380	2R	-	18933984	18939262	18932984	18944262	136	0	0	0	79	0	0	0	57	0	0	0	FALSE
Hot_DEGs	FBgn0035104	CG13875	3L	+	140197	142408	135197	143408	88	0	0	0	59	0	0	0	29	0	0	0	FALSE
Hot_DEGs	FBgn0035170	dpr20	3L	-	804164	808786	803164	813786	418	0	0	0	237	0	0	0	181	0	0	0	FALSE
Hot_DEGs	FBgn0035270	CG13933	3L	-	1666151	1669571	1665151	1674571	205	0	0	0	139	0	0	0	66	0	0	0	FALSE
Hot_DEGs	FBgn0035300	acs	3L	+	1865261	1868296	1860261	1869296	415	0	0	0	255	0	0	0	160	0	0	0	FALSE
Hot_DEGs	FBgn0035344	Cyp4d20	3L	-	2349214	2352689	2348214	2357689	340	0	1	0	190	0	1	0	150	0	0	0	TRUE
Hot_DEGs	FBgn0035346	CG1146	3L	+	2363224	2365768	2358224	2366768	273	1	1	0	209	1	0	0	64	0	1	0	TRUE
Hot_DEGs	FBgn0035529	Fdx2	3L	+	4327109	4328097	4322109	4329097	366	0	0	0	322	0	0	0	44	0	0	0	FALSE
Hot_DEGs	FBgn0035670	CG10472	3L	-	6020688	6022550	6019688	6027550	290	0	2	0	204	0	1	0	86	0	1	0	TRUE
Hot_DEGs	FBgn0035695	CG10226	3L	-	6181944	6187894	6180944	6192894	793	0	1	0	405	0	1	0	388	0	0	0	TRUE
Hot_DEGs	FBgn0035800	t-Grip84	3L	-	7488286	7491150	7487286	7496150	574	0	0	0	367	0	0	0	207	0	0	0	FALSE
Hot_DEGs	FBgn0035811	Mcad	3L	+	7596039	7598776	7591039	7599776	490	0	0	0	360	0	0	0	130	0	0	0	FALSE
Hot_DEGs	FBgn0035906	GstO2	3L	-	8347831	8350121	8346831	8355121	378	0	0	0	273	0	0	0	105	0	0	0	FALSE
Hot_DEGs	FBgn0035917	Zasp66	3L	+	8451186	8465430	8446186	8466430	879	0	1	0	225	0	1	0	654	0	0	0	TRUE
Hot_DEGs	FBgn0035926	Acbp5	3L	-	8614722	8614964	8613722	8619964	285	0	0	0	274	0	0	0	11	0	0	0	FALSE
Hot_DEGs	FBgn0036015	CG3088	3L	-	9384783	9385703	9383783	9390703	257	0	0	0	216	0	0	0	41	0	0	0	FALSE
Hot_DEGs	FBgn0036257	RhoGAP68F	3L	+	11846488	11851079	11841488	11852079	493	0	0	0	330	0	0	0	163	0	0	0	FALSE
Hot_DEGs	FBgn0036289	CG10657	3L	-	12201231	12206705	12200231	12211705	595	3	1	0	389	3	0	0	206	0	1	0	TRUE
Hot_DEGs	FBgn0036428	Gbs-70E	3L	-	14187663	14197719	14186663	14202719	748	0	1	0	330	0	1	0	418	0	0	0	TRUE
Hot_DEGs	FBgn0036619	Cpr72Ec	3L	-	15972087	15973680	15971087	15978680	352	0	7	0	301	0	7	0	51	0	0	0	TRUE
Hot_DEGs	FBgn0036622	Agpat4	3L	-	15984983	15987947	15983983	15992947	322	0	0	0	199	0	0	0	123	0	0	0	FALSE
Hot_DEGs	FBgn0036764	CG5535	3L	-	17404747	17409157	17403747	17414157	54	0	0	0	22	0	0	0	32	0	0	0	FALSE
Hot_DEGs	FBgn0036795	CG18233	3L	+	18110369	18112235	18105369	18113235	666	0	3	0	532	0	1	0	134	0	2	0	TRUE
Hot_DEGs	FBgn0036831	CG6839	3L	+	18409467	18411292	18404467	18412292	404	0	13	0	283	0	9	0	121	0	4	0	TRUE
Hot_DEGs	FBgn0036970	Spn77Bc	3L	+	19532960	19534601	19527960	19535601	78	0	0	0	50	0	0	0	28	0	0	0	FALSE
Hot_DEGs	FBgn0036995	atk	3L	-	19644277	19649063	19643277	19654063	613	0	1	0	323	0	0	0	290	0	1	0	TRUE
Hot_DEGs	FBgn0037003	CG18281	3L	+	19682610	19684262	19677610	19685262	179	0	0	0	179	0	0	0	0	0	0	0	FALSE
Hot_DEGs	FBgn0037076	ebd2	3L	-	20498113	20502799	20497113	20507799	258	0	3	0	112	0	0	0	146	0	3	0	TRUE
Hot_DEGs	FBgn0037176	CG14456	3L	+	21751881	21752946	21746881	21753946	226	0	1	0	188	0	1	0	38	0	0	0	TRUE
Hot_DEGs	FBgn0037290	Jhbp1	3R	+	717535	721000	712535	722000	354	0	2	0	237	0	1	0	117	0	1	0	TRUE
Hot_DEGs	FBgn0037577	CG7443	3R	-	16701276	16701938	16700276	16706938	320	1	0	0	289	1	0	0	31	0	0	0	TRUE
Hot_DEGs	FBgn0037635	CG9837	3R	+	16242668	16243786	16237668	16244786	329	0	0	0	258	0	0	0	71	0	0	0	FALSE
Hot_DEGs	FBgn0037934	CG6830	3R	+	13476326	13479786	13471326	13480786	544	3	0	0	338	2	0	0	206	1	0	0	TRUE
Hot_DEGs	FBgn0037936	CG6908	3R	+	13470412	13472906	13465412	13473906	523	5	0	0	385	3	0	0	138	2	0	0	TRUE
Hot_DEGs	FBgn0038009	CG17738	3R	-	12900533	12901422	12899533	12906422	287	3	0	0	234	3	0	0	53	0	0	0	TRUE
Hot_DEGs	FBgn0038124	CG14380	3R	-	12041098	12042122	12040098	12047122	262	82	97	82	233	77	91	77	29	5	6	5	TRUE
Hot_DEGs	FBgn0038194	Cyp6d5	3R	-	11214583	11217139	11213583	11222139	326	0	0	0	222	0	0	0	104	0	0	0	FALSE
Hot_DEGs	FBgn0038449	CG17562	3R	-	8698901	8700849	8697901	8705849	444	0	27	0	319	0	18	0	125	0	9	0	TRUE
Hot_DEGs	FBgn0038451	CG14893	3R	-	8693450	8695353	8692450	8700353	493	0	26	0	351	0	23	0	142	0	3	0	TRUE
Hot_DEGs	FBgn0038680	Cyp12a5	3R	-	6223808	6225885	6222808	6230885	411	2	0	0	288	0	0	0	123	2	0	0	TRUE
Hot_DEGs	FBgn0038790	MtnC	3R	-	5049652	5050128	5048652	5055128	291	0	0	0	262	0	0	0	29	0	0	0	FALSE
Hot_DEGs	FBgn0038914	fit	3R	-	17106417	17108116	17105417	17113116	399	0	0	0	332	0	0	0	67	0	0	0	FALSE
Hot_DEGs	FBgn0039073	CG4408	3R	-	18564791	18566513	18563791	18571513	295	3	0	0	225	0	0	0	70	3	0	0	TRUE
Hot_DEGs	FBgn0039083	CG10177	3R	-	18721526	18723212	18720526	18728212	275	0	0	0	226	0	0	0	49	0	0	0	FALSE
Hot_DEGs	FBgn0039298	to	3R	+	20409361	20410836	20404361	20411836	328	0	0	0	242	0	0	0	86	0	0	0	FALSE
Hot_DEGs	FBgn0039313	CG11892	3R	+	20451710	20453492	20446710	20454492	258	0	0	0	211	0	0	0	47	0	0	0	FALSE
Hot_DEGs	FBgn0039471	CG6295	3R	-	22125200	22126282	22124200	22131282	308	0	0	0	278	0	0	0	30	0	0	0	FALSE
Hot_DEGs	FBgn0039472	CG17192	3R	-	22127343	22128602	22126343	22133602	316	0	0	0	225	0	0	0	91	0	0	0	FALSE
Hot_DEGs	FBgn0039519	Cyp6a18	3R	+	22569745	22571991	22564745	22572991	288	0	0	0	143	0	0	0	145	0	0	0	FALSE
Hot_DEGs	FBgn0039521	CG5402	3R	-	22592826	22594663	22591826	22599663	257	0	0	0	155	0	0	0	102	0	0	0	FALSE
Hot_DEGs	FBgn0039562	Gp93	3R	+	23005666	23011998	23000666	23012998	329	0	0	0	170	0	0	0	159	0	0	0	FALSE
Hot_DEGs	FBgn0039594	snu	3R	+	23711786	23732696	23706786	23733696	1083	0	0	0	307	0	0	0	776	0	0	0	FALSE
Hot_DEGs	FBgn0039755	CG15531	3R	-	25193489	25194978	25192489	25199978	225	0	0	0	168	0	0	0	57	0	0	0	FALSE
Hot_DEGs	FBgn0039779	PH4alphaSG2	3R	+	25458275	25461419	25453275	25462419	400	4	2	0	272	4	1	0	128	0	1	0	TRUE
Hot_DEGs	FBgn0040077	primo-1	3R	+	11528860	11529612	11523860	11530612	360	1	0	0	315	1	0	0	45	0	0	0	TRUE
Hot_DEGs	FBgn0040097	lectin-30A	2L	-	8956588	8957365	8955588	8962365	327	0	0	0	305	0	0	0	22	0	0	0	FALSE
Hot_DEGs	FBgn0040207	kat80	X	-	15173547	15182448	15172547	15187448	320	0	0	0	123	0	0	0	197	0	0	0	FALSE
Hot_DEGs	FBgn0040256	Ugt35C1	3R	+	14027102	14029391	14022102	14030391	331	25	0	0	199	9	0	0	132	16	0	0	TRUE
Hot_DEGs	FBgn0040259	Ugt302C1	3R	-	13995942	13998767	13994942	14003767	508	55	1	1	378	50	1	1	130	5	0	0	TRUE
Hot_DEGs	FBgn0040376	AANATL7	X	+	2281177	2281863	2276177	2282863	136	0	0	0	136	0	0	0	0	0	0	0	FALSE
Hot_DEGs	FBgn0040732	CG16926	2R	-	13457148	13458620	13456148	13463620	319	0	0	0	263	0	0	0	56	0	0	0	FALSE
Hot_DEGs	FBgn0041605	cpx	3R	+	108420	131824	103420	132824	450	2	7	0	133	0	6	0	317	2	1	0	TRUE
Hot_DEGs	FBgn0043530	Obp51a	2R	-	9080822	9081657	9079822	9086657	187	0	17	0	130	0	10	0	57	0	7	0	TRUE
Hot_DEGs	FBgn0043533	Obp56f	2R	+	13665580	13666242	13660580	13667242	188	0	0	0	158	0	0	0	30	0	0	0	FALSE
Hot_DEGs	FBgn0047334	BG642312	3L	-	6180272	6180569	6179272	6185569	382	0	1	0	372	0	1	0	10	0	0	0	TRUE
Hot_DEGs	FBgn0050008	CG30008	2R	+	4138171	4139456	4133171	4140456	115	0	0	0	90	0	0	0	25	0	0	0	FALSE
Hot_DEGs	FBgn0050075	CG30075	2R	+	8458891	8459478	8453891	8460478	235	0	0	0	229	0	0	0	6	0	0	0	FALSE
Hot_DEGs	FBgn0050178	CG30178	2R	+	17794661	17795460	17789661	17796460	161	0	5	0	139	0	4	0	22	0	1	0	TRUE
Hot_DEGs	FBgn0050334	CG30334	2R	-	6605901	6606308	6604901	6611308	201	0	0	0	194	0	0	0	7	0	0	0	FALSE
Hot_DEGs	FBgn0051041	CG31041	3R	-	24603102	24605015	24602102	24610015	229	0	0	0	158	0	0	0	71	0	0	0	FALSE
Hot_DEGs	FBgn0051324	Cipc	3R	+	21263222	21278344	21258222	21279344	887	36	8	0	276	9	0	0	611	27	8	0	TRUE
Hot_DEGs	FBgn0051418	CG31418	3R	-	8041871	8042638	8040871	8047638	261	0	0	0	220	0	0	0	41	0	0	0	FALSE
Hot_DEGs	FBgn0051496	CG31496	3R	+	3031106	3032534	3026106	3033534	253	0	0	0	179	0	0	0	74	0	0	0	FALSE
Hot_DEGs	FBgn0051516	CG31516	3R	-	55901	57101	54901	62101	136	5	1	0	120	5	1	0	16	0	0	0	TRUE
Hot_DEGs	FBgn0051680	CG31680	2L	+	19747453	19748102	19742453	19749102	72	3	0	0	58	3	0	0	14	0	0	0	TRUE
Hot_DEGs	FBgn0051730	CG31730	2L	-	12821149	12822105	12820149	12827105	291	0	0	0	237	0	0	0	54	0	0	0	FALSE
Hot_DEGs	FBgn0051779	Acp24A4	2L	-	3534300	3535152	3533300	3540152	256	1	0	0	246	1	0	0	10	0	0	0	TRUE
Hot_DEGs	FBgn0051872	CG31872	2L	+	10301450	10305125	10296450	10306125	359	0	0	0	225	0	0	0	134	0	0	0	FALSE
Hot_DEGs	FBgn0052199	CG32199	3L	+	18117016	18119139	18112016	18120139	470	0	18	0	339	0	6	0	131	0	12	0	TRUE
Hot_DEGs	FBgn0052201	CG32201	3L	+	18114443	18116798	18109443	18117798	578	0	11	0	471	0	8	0	107	0	3	0	TRUE
Hot_DEGs	FBgn0052432	CG32432	3L	-	20020828	20037937	20019828	20042937	1008	1	0	0	296	0	0	0	712	1	0	0	TRUE
Hot_DEGs	FBgn0052436	CG32436	3L	+	20497438	20508541	20492438	20509541	395	1	4	0	131	1	1	0	264	0	3	0	TRUE
Hot_DEGs	FBgn0052672	Atg8a	X	-	10042023	10045393	10041023	10050393	140	0	0	0	76	0	0	0	64	0	0	0	FALSE
Hot_DEGs	FBgn0052833	CG32833	2R	-	16809095	16812181	16808095	16817181	323	0	0	0	163	0	0	0	160	0	0	0	FALSE
Hot_DEGs	FBgn0053012	CG33012	2R	+	6530046	6533668	6525046	6534668	458	0	0	0	299	0	0	0	159	0	0	0	FALSE
Hot_DEGs	FBgn0053109	CG33109	3R	+	11038585	11039666	11033585	11040666	299	0	0	0	251	0	0	0	48	0	0	0	FALSE
Hot_DEGs	FBgn0053282	CG33282	2L	+	3175883	3178060	3170883	3179060	289	0	27	0	225	0	18	0	64	0	9	0	TRUE
Hot_DEGs	FBgn0053303	CG33303	2L	-	10043967	10045586	10042967	10050586	316	0	0	0	256	0	0	0	60	0	0	0	FALSE
Hot_DEGs	FBgn0053474	CG33474	2R	+	4660779	4662096	4655779	4663096	213	0	0	0	144	0	0	0	69	0	0	0	FALSE
Hot_DEGs	FBgn0054033	CG34033	2R	+	4068887	4070462	4063887	4071462	333	0	1	0	241	0	0	0	92	0	1	0	TRUE
Hot_DEGs	FBgn0082582	tmod	3R	+	25501976	25548042	25496976	25549042	1978	0	0	0	342	0	0	0	1636	0	0	0	FALSE
Hot_DEGs	FBgn0083936	Acp54A1	2R	+	11157406	11157880	11152406	11158880	164	0	0	0	162	0	0	0	2	0	0	0	FALSE
Hot_DEGs	FBgn0085282	CG34253	3L	-	17615837	17616778	17614837	17621778	375	0	6	0	298	0	3	0	77	0	3	0	TRUE
Hot_DEGs	FBgn0250815	Jon65Aiv	3L	+	6000464	6002017	5995464	6003017	237	1	0	0	214	1	0	0	23	0	0	0	TRUE
Hot_DEGs	FBgn0250831	BG642167	3R	+	20971096	20971700	20966096	20972700	262	0	0	0	217	0	0	0	45	0	0	0	FALSE
Hot_DEGs	FBgn0250832	Dup99B	3R	-	24727217	24727727	24726217	24732727	263	1	0	0	241	1	0	0	22	0	0	0	TRUE
Hot_DEGs	FBgn0250835	CG15394	2L	+	2469489	2470524	2464489	2471524	265	0	15	0	208	0	11	0	57	0	4	0	TRUE
Hot_DEGs	FBgn0250836	Acbp3	3L	+	7038557	7038805	7033557	7039805	192	0	0	0	192	0	0	0	0	0	0	0	FALSE
Hot_DEGs	FBgn0259219	CG42319	2R	+	7380090	7386714	7375090	7387714	558	0	0	0	289	0	0	0	269	0	0	0	FALSE
Hot_DEGs	FBgn0259222	CG42322	3R	-	4654072	4670482	4653072	4675482	801	14	27	0	308	0	3	0	493	14	24	0	TRUE
Hot_DEGs	FBgn0259923	Septin4	X	-	15572404	15583529	15571404	15588529	367	0	0	0	87	0	0	0	280	0	0	0	FALSE
Hot_DEGs	FBgn0259951	Sfp24Ba	2L	-	3508794	3509404	3507794	3514404	310	3	0	0	266	3	0	0	44	0	0	0	TRUE
Hot_DEGs	FBgn0259952	Sfp24Bb	2L	-	3510144	3511451	3509144	3516451	328	3	0	0	246	2	0	0	82	1	0	0	TRUE
Hot_DEGs	FBgn0259958	Sfp24F	2L	-	4287874	4288469	4286874	4293469	182	0	0	0	163	0	0	0	19	0	0	0	FALSE
Hot_DEGs	FBgn0259963	Sfp33A2	2L	+	11432727	11457276	11427727	11458276	1226	0	0	0	217	0	0	0	1009	0	0	0	FALSE
Hot_DEGs	FBgn0259971	CG42481	3L	-	12995762	12996171	12994762	13001171	268	0	0	0	255	0	0	0	13	0	0	0	FALSE
Hot_DEGs	FBgn0259994	OtopLa	X	-	5108206	5130010	5107206	5135010	498	2	0	0	93	2	0	0	405	0	0	0	TRUE
Hot_DEGs	FBgn0261068	LSm7	2L	-	16094145	16094465	16093145	16099465	216	0	0	0	209	0	0	0	7	0	0	0	FALSE
Hot_DEGs	FBgn0261611	CG42700	2R	+	6444107	6463359	6439107	6464359	1096	1	24	0	202	0	0	0	894	1	24	0	TRUE
Hot_DEGs	FBgn0261631	CG42714	3L	-	6181277	6181693	6180277	6186693	417	0	1	0	388	0	1	0	29	0	0	0	TRUE
Hot_DEGs	FBgn0261714	Cpn	3R	+	13004488	13007205	12999488	13008205	323	13	0	0	173	8	0	0	150	5	0	0	TRUE
Hot_DEGs	FBgn0261853	CG42782	2R	-	6582098	6582947	6581098	6587947	186	0	0	0	153	0	0	0	33	0	0	0	FALSE
Hot_DEGs	FBgn0261862	whd	2R	-	4707051	4716119	4706051	4721119	555	1	9	0	222	1	8	0	333	0	1	0	TRUE
Hot_DEGs	FBgn0262003	CG42821	3R	-	7913979	7915533	7912979	7920533	301	0	0	0	292	0	0	0	9	0	0	0	FALSE
Hot_DEGs	FBgn0262737	mub	3L	+	20966046	21014723	20961046	21015723	1148	1	21	0	140	0	6	0	1008	1	15	0	TRUE
Hot_DEGs	FBgn0262801	twr	3R	+	2346119	2347833	2341119	2348833	196	0	1	0	154	0	0	0	42	0	1	0	TRUE
Hot_DEGs	FBgn0263086	CG43354	2L	-	17612196	17612593	17611196	17617593	189	0	0	0	170	0	0	0	19	0	0	0	FALSE
Hot_DEGs	FBgn0263321	CG43402	2L	+	1376443	1377714	1371443	1378714	279	11	1	0	227	10	1	0	52	1	0	0	TRUE
Hot_DEGs	FBgn0263763	CG43680	3L	-	14686748	14686897	14685748	14691897	340	0	4	0	332	0	4	0	8	0	0	0	TRUE
Hot_DEGs	FBgn0263980	Stacl	2R	+	9430586	9501390	9425586	9502390	2002	1	36	0	195	1	1	0	1807	0	35	0	TRUE
Hot_DEGs	FBgn0264270	Sxl	X	-	6477033	6500429	6476033	6505429	498	1	0	0	149	0	0	0	349	1	0	0	TRUE
Hot_DEGs	FBgn0264329	CG43788	2R	+	10961985	10962667	10956985	10963667	260	7	7	0	202	1	5	0	58	6	2	0	TRUE
Hot_DEGs	FBgn0264443	CG43861	2L	-	19204130	19247965	19203130	19252965	1985	0	89	0	227	0	35	0	1758	0	54	0	TRUE
Hot_DEGs	FBgn0264489	CG43897	3L	+	9598334	9617684	9593334	9618684	946	0	0	0	260	0	0	0	686	0	0	0	FALSE
Hot_DEGs	FBgn0264556	Gr39a	2L	+	20368857	20375473	20363857	20376473	44	0	0	0	20	0	0	0	24	0	0	0	FALSE
Hot_DEGs	FBgn0264711	CG43980	3L	+	20780925	20802553	20775925	20803553	742	0	6	0	170	0	0	0	572	0	6	0	TRUE
Hot_DEGs	FBgn0264785	Hph	3R	+	994146	1004029	989146	1005029	713	0	71	0	284	0	22	0	429	0	49	0	TRUE
Hot_DEGs	FBgn0265267	CG18258	X	+	16090029	16091611	16085029	16092611	146	5	0	0	119	5	0	0	27	0	0	0	TRUE
Cold_DEGs	FBgn0000038	nAChRbeta1	3L	+	4454166	4460748	4449166	4461748	380	0	0	0	247	0	0	0	133	0	0	0	FALSE
Cold_DEGs	FBgn0000052	Pfas	2L	-	5840593	5845474	5839593	5850474	403	0	0	0	186	0	0	0	217	0	0	0	FALSE
Cold_DEGs	FBgn0000055	Adh	2L	+	14132578	14134572	14127578	14135572	398	0	0	0	332	0	0	0	66	0	0	0	FALSE
Cold_DEGs	FBgn0000064	Ald1	3R	-	21397365	21405023	21396365	21410023	563	4	4	0	250	0	1	0	313	4	3	0	TRUE
Cold_DEGs	FBgn0000094	Anp	3R	+	25208747	25208979	25203747	25209979	280	16	0	0	273	15	0	0	7	1	0	0	TRUE
Cold_DEGs	FBgn0000448	Hr3	2R	-	4442320	4475482	4441320	4480482	1159	1	0	0	169	0	0	0	990	1	0	0	TRUE
Cold_DEGs	FBgn0000477	DNaseII	3R	-	7324205	7326014	7323205	7331014	321	0	1	0	223	0	1	0	98	0	0	0	TRUE
Cold_DEGs	FBgn0000592	Est-6	3L	+	11896393	11898474	11891393	11899474	556	0	1	0	444	0	1	0	112	0	0	0	TRUE
Cold_DEGs	FBgn0001112	Gld	3R	-	2937155	2950682	2936155	2955682	663	4	2	0	239	1	0	0	424	3	2	0	TRUE
Cold_DEGs	FBgn0002719	Men	3R	+	12494122	12502917	12489122	12503917	560	37	0	0	236	6	0	0	324	31	0	0	TRUE
Cold_DEGs	FBgn0002856	Acp26Ab	2L	-	5691931	5693648	5690931	5698648	414	0	0	0	314	0	0	0	100	0	0	0	FALSE
Cold_DEGs	FBgn0003358	Jon99Ci	3R	-	24923963	24927290	24922963	24932290	313	0	0	0	212	0	0	0	101	0	0	0	FALSE
Cold_DEGs	FBgn0003380	Sh	X	-	16793645	16857802	16792645	16862802	923	59	10	0	50	1	0	0	873	58	10	0	TRUE
Cold_DEGs	FBgn0003423	slgA	X	+	20011883	20022865	20006883	20023865	166	1	0	0	54	1	0	0	112	0	0	0	TRUE
Cold_DEGs	FBgn0003598	Su(var)3-7	3R	-	11961701	11966688	11960701	11971688	284	36	10	9	159	23	9	8	125	13	1	1	TRUE
Cold_DEGs	FBgn0003863	alphaTry	2R	-	5522607	5523432	5521607	5528432	117	0	0	0	116	0	0	0	1	0	0	0	FALSE
Cold_DEGs	FBgn0003965	v	X	+	10199284	10200991	10194284	10201991	163	0	0	0	125	0	0	0	38	0	0	0	FALSE
Cold_DEGs	FBgn0004066	Prosalpha4	X	+	15182759	15184612	15177759	15185612	165	0	0	0	117	0	0	0	48	0	0	0	FALSE
Cold_DEGs	FBgn0004181	Ebp	2R	-	18926380	18927546	18925380	18932546	72	0	0	0	69	0	0	0	3	0	0	0	FALSE
Cold_DEGs	FBgn0004240	DptA	2R	+	12820044	12820766	12815044	12821766	54	0	0	0	54	0	0	0	0	0	0	0	FALSE
Cold_DEGs	FBgn0004575	Syn	3R	-	14893944	14919774	14892944	14924774	1249	1	5	0	326	0	3	0	923	1	2	0	TRUE
Cold_DEGs	FBgn0004629	Cys	3R	+	10700612	10701531	10695612	10702531	214	0	0	0	190	0	0	0	24	0	0	0	FALSE
Cold_DEGs	FBgn0004654	Pgd	X	+	1869990	1873768	1864990	1874768	104	0	0	0	59	0	0	0	45	0	0	0	FALSE
Cold_DEGs	FBgn0010352	Ogdh	3L	+	16528544	16541926	16523544	16542926	871	1	0	0	352	0	0	0	519	1	0	0	TRUE
Cold_DEGs	FBgn0010357	betaTry	2R	+	5524682	5525443	5519682	5526443	184	0	1	0	183	0	1	0	1	0	0	0	TRUE
Cold_DEGs	FBgn0010425	epsilonTry	2R	-	5523615	5524385	5522615	5529385	87	0	0	0	73	0	0	0	14	0	0	0	FALSE
Cold_DEGs	FBgn0010470	Fkbp14	2R	-	15347924	15357761	15346924	15362761	659	2	0	0	350	2	0	0	309	0	0	0	TRUE
Cold_DEGs	FBgn0011205	fbl	3L	+	19573352	19581124	19568352	19582124	503	0	0	0	229	0	0	0	274	0	0	0	FALSE
Cold_DEGs	FBgn0011296	l(2)efl	2R	-	17502198	17503234	17501198	17508234	283	0	0	0	258	0	0	0	25	0	0	0	FALSE
Cold_DEGs	FBgn0011694	EbpII	2R	-	18924492	18925066	18923492	18930066	64	0	0	0	58	0	0	0	6	0	0	0	FALSE
Cold_DEGs	FBgn0011726	tsr	2R	-	17852577	17854863	17851577	17859863	246	0	0	0	212	0	0	0	34	0	0	0	FALSE
Cold_DEGs	FBgn0011770	Gip	X	-	9627742	9628769	9626742	9633769	66	0	0	0	66	0	0	0	0	0	0	0	FALSE
Cold_DEGs	FBgn0013949	Elal	3R	+	20040327	20042102	20035327	20043102	327	0	0	0	242	0	0	0	85	0	0	0	FALSE
Cold_DEGs	FBgn0014865	Mtk	2R	+	9438244	9438534	9433244	9439534	177	0	0	0	165	0	0	0	12	0	0	0	FALSE
Cold_DEGs	FBgn0014868	Ost48	X	-	8496926	8498511	8495926	8503511	110	0	0	0	99	0	0	0	11	0	0	0	FALSE
Cold_DEGs	FBgn0015010	Ag5r	X	-	13843626	13845381	13842626	13850381	131	0	0	0	102	0	0	0	29	0	0	0	FALSE
Cold_DEGs	FBgn0015396	jumu	3R	-	14774484	14785813	14773484	14790813	626	0	0	0	212	0	0	0	414	0	0	0	FALSE
Cold_DEGs	FBgn0015584	Acp53Ea	2R	-	10775190	10775884	10774190	10780884	368	0	0	0	326	0	0	0	42	0	0	0	FALSE
Cold_DEGs	FBgn0015586	Acp76A	3L	-	18542096	18543537	18541096	18548537	315	0	0	0	233	0	0	0	82	0	0	0	FALSE
Cold_DEGs	FBgn0016697	Prosalpha5	2R	+	11417291	11418394	11412291	11419394	206	1	1	0	184	1	1	0	22	0	0	0	TRUE
Cold_DEGs	FBgn0016715	Reg-2	3L	-	557284	559122	556284	564122	164	0	2	0	114	0	2	0	50	0	0	0	TRUE
Cold_DEGs	FBgn0019928	Ser8	2R	+	7550078	7551169	7545078	7552169	183	0	0	0	129	0	0	0	54	0	0	0	FALSE
Cold_DEGs	FBgn0019932	SamDC	2L	+	10008891	10010957	10003891	10011957	310	2	0	0	195	2	0	0	115	0	0	0	TRUE
Cold_DEGs	FBgn0020415	Idgf2	2L	+	15804908	15808276	15799908	15809276	390	2	1	0	233	1	1	0	157	1	0	0	TRUE
Cold_DEGs	FBgn0020416	Idgf1	2L	+	15802802	15804549	15797802	15805549	301	0	1	0	210	0	0	0	91	0	1	0	TRUE
Cold_DEGs	FBgn0020509	Acp62F	3L	+	2612480	2613537	2607480	2614537	295	0	0	0	243	0	0	0	52	0	0	0	FALSE
Cold_DEGs	FBgn0020906	Jon25Bi	2L	-	4775664	4776534	4774664	4781534	345	0	0	0	325	0	0	0	20	0	0	0	FALSE
Cold_DEGs	FBgn0021795	Tapdelta	2R	-	5542788	5543709	5541788	5548709	288	0	19	0	262	0	19	0	26	0	0	0	TRUE
Cold_DEGs	FBgn0022160	Gpo1	2R	-	9895266	9900759	9894266	9905759	469	0	13	0	272	0	3	0	197	0	10	0	TRUE
Cold_DEGs	FBgn0022355	Tsf1	X	+	17247788	17251112	17242788	17252112	142	4	0	0	95	3	0	0	47	1	0	0	TRUE
Cold_DEGs	FBgn0023129	aay	3L	+	9220202	9222286	9215202	9223286	247	0	14	0	180	0	14	0	67	0	0	0	TRUE
Cold_DEGs	FBgn0023175	Prosalpha7	2R	-	4096208	4097521	4095208	4102521	187	0	0	0	162	0	0	0	25	0	0	0	FALSE
Cold_DEGs	FBgn0023197	Jon74E	3L	-	17107318	17111536	17106318	17116536	285	0	0	0	165	0	0	0	120	0	0	0	FALSE
Cold_DEGs	FBgn0023477	Taldo	2R	+	17748034	17750099	17743034	17751099	282	0	2	0	227	0	2	0	55	0	0	0	TRUE
Cold_DEGs	FBgn0024289	Sodh1	3R	+	2739089	2740859	2734089	2741859	336	25	0	0	257	15	0	0	79	10	0	0	TRUE
Cold_DEGs	FBgn0024315	Picot	2R	-	10681142	10693318	10680142	10698318	999	22	2	1	398	5	0	0	601	17	2	1	TRUE
Cold_DEGs	FBgn0024958	Irp-1A	3R	-	17927481	17930757	17926481	17935757	510	0	0	0	277	0	0	0	233	0	0	0	FALSE
Cold_DEGs	FBgn0025583	BomS2	2R	+	12360745	12361170	12355745	12362170	226	0	0	0	209	0	0	0	17	0	0	0	FALSE
Cold_DEGs	FBgn0025709	CNT2	2R	+	3362853	3365031	3357853	3366031	304	8	0	0	200	6	0	0	104	2	0	0	TRUE
Cold_DEGs	FBgn0026086	Adar	X	+	1517691	1531921	1512691	1532921	168	4	0	0	56	4	0	0	112	0	0	0	TRUE
Cold_DEGs	FBgn0026562	SPARC	3R	-	21989142	21992032	21988142	21997032	285	0	0	0	171	0	0	0	114	0	0	0	FALSE
Cold_DEGs	FBgn0026576	Pisd	3R	+	19239532	19242003	19234532	19243003	245	7	0	0	170	2	0	0	75	5	0	0	TRUE
Cold_DEGs	FBgn0026620	tacc	3R	-	501483	517041	500483	522041	579	0	17	0	156	0	11	0	423	0	6	0	TRUE
Cold_DEGs	FBgn0027506	EDTP	2R	-	11436874	11449917	11435874	11454917	587	2	0	0	111	0	0	0	476	2	0	0	TRUE
Cold_DEGs	FBgn0027560	Tps1	2L	+	4232600	4238237	4227600	4239237	256	0	0	0	136	0	0	0	120	0	0	0	FALSE
Cold_DEGs	FBgn0027584	CG4757	3R	-	13992517	13994522	13991517	13999522	416	14	2	2	288	9	1	1	128	5	1	1	TRUE
Cold_DEGs	FBgn0028494	CG6424	2R	-	11703252	11719135	11702252	11724135	791	31	0	0	315	3	0	0	476	28	0	0	TRUE
Cold_DEGs	FBgn0028534	CG7916	2L	+	13376916	13377900	13371916	13378900	350	1	1	0	310	1	1	0	40	0	0	0	TRUE
Cold_DEGs	FBgn0028543	NimB2	2L	-	13485929	13488019	13484929	13493019	251	0	3	0	183	0	3	0	68	0	0	0	TRUE
Cold_DEGs	FBgn0028546	ics	2L	-	13179065	13182223	13178065	13187223	419	0	0	0	235	0	0	0	184	0	0	0	FALSE
Cold_DEGs	FBgn0028583	lcs	X	-	20034614	20035545	20033614	20040545	90	0	0	0	82	0	0	0	8	0	0	0	FALSE
Cold_DEGs	FBgn0028646	aralar1	3R	-	25418062	25428183	25417062	25433183	729	0	1	0	279	0	0	0	450	0	1	0	TRUE
Cold_DEGs	FBgn0028685	Rpt4	X	-	5743430	5745284	5742430	5750284	53	1	0	0	41	1	0	0	12	0	0	0	TRUE
Cold_DEGs	FBgn0028853	CG15263	2L	+	14779840	14780941	14774840	14781941	304	2	0	0	235	2	0	0	69	0	0	0	TRUE
Cold_DEGs	FBgn0029689	CG6428	X	-	3534738	3537984	3533738	3542984	131	3	0	0	89	3	0	0	42	0	0	0	TRUE
Cold_DEGs	FBgn0029761	SK	X	+	4847499	4896761	4842499	4897761	924	0	0	0	105	0	0	0	819	0	0	0	FALSE
Cold_DEGs	FBgn0029828	CG6067	X	+	5424575	5428014	5419575	5429014	231	0	0	0	138	0	0	0	93	0	0	0	FALSE
Cold_DEGs	FBgn0029868	ND-B16.6	X	-	5800867	5802168	5799867	5807168	95	0	0	0	70	0	0	0	25	0	0	0	FALSE
Cold_DEGs	FBgn0029974	dpr14	X	-	7277823	7282150	7276823	7287150	131	0	0	0	85	0	0	0	46	0	0	0	FALSE
Cold_DEGs	FBgn0029975	spidey	X	+	7282803	7286262	7277803	7287262	127	0	0	0	69	0	0	0	58	0	0	0	FALSE
Cold_DEGs	FBgn0030098	CG12057	X	+	8531423	8533499	8526423	8534499	94	0	0	0	76	0	0	0	18	0	0	0	FALSE
Cold_DEGs	FBgn0030160	CG9691	X	+	9206600	9207141	9201600	9208141	108	4	0	0	108	4	0	0	0	0	0	0	TRUE
Cold_DEGs	FBgn0030262	Vago	X	+	10361164	10361780	10356164	10362780	167	0	0	0	159	0	0	0	8	0	0	0	FALSE
Cold_DEGs	FBgn0030306	Spase25	X	+	10726114	10727499	10721114	10728499	69	0	0	0	45	0	0	0	24	0	0	0	FALSE
Cold_DEGs	FBgn0030362	regucalcin	X	+	11199719	11203024	11194719	11204024	251	0	0	0	171	0	0	0	80	0	0	0	FALSE
Cold_DEGs	FBgn0030421	Agpat1	X	+	11923932	11930719	11918932	11931719	256	0	0	0	82	0	0	0	174	0	0	0	FALSE
Cold_DEGs	FBgn0030482	Bcat	X	+	12537730	12541963	12532730	12542963	212	0	0	0	170	0	0	0	42	0	0	0	FALSE
Cold_DEGs	FBgn0030520	Pdcd4	X	-	12888030	12897724	12887030	12902724	236	0	0	0	116	0	0	0	120	0	0	0	FALSE
Cold_DEGs	FBgn0030615	Cyp4s3	X	-	14144661	14148659	14143661	14153659	224	0	2	0	142	0	2	0	82	0	0	0	TRUE
Cold_DEGs	FBgn0030773	CG9676	X	-	15587298	15588731	15586298	15593731	181	0	0	0	139	0	0	0	42	0	0	0	FALSE
Cold_DEGs	FBgn0030828	CG5162	X	+	16092621	16095175	16087621	16096175	179	5	0	0	135	5	0	0	44	0	0	0	TRUE
Cold_DEGs	FBgn0030932	Ggt-1	X	-	17361076	17367739	17360076	17372739	219	2	2	0	138	1	2	0	81	1	0	0	TRUE
Cold_DEGs	FBgn0030999	Mur18B	X	+	18052459	18054347	18047459	18055347	87	0	0	0	86	0	0	0	1	0	0	0	FALSE
Cold_DEGs	FBgn0031313	CG5080	2L	-	1104200	1108006	1103200	1113006	279	0	22	0	181	0	22	0	98	0	0	0	TRUE
Cold_DEGs	FBgn0031417	CG3597	2L	-	2250501	2252063	2249501	2257063	371	0	0	0	287	0	0	0	84	0	0	0	FALSE
Cold_DEGs	FBgn0031538	CG3246	2L	-	3308021	3309670	3307021	3314670	225	1	1	0	168	1	1	0	57	0	0	0	TRUE
Cold_DEGs	FBgn0031561	IM33	2L	-	3537146	3537815	3536146	3542815	329	1	0	0	304	1	0	0	25	0	0	0	TRUE
Cold_DEGs	FBgn0031654	Jon25Bii	2L	-	4773873	4774796	4772873	4779796	327	0	0	0	311	0	0	0	16	0	0	0	FALSE
Cold_DEGs	FBgn0031707	CG14020	2L	+	5325876	5327149	5320876	5328149	516	0	0	0	399	0	0	0	117	0	0	0	FALSE
Cold_DEGs	FBgn0031860	Daao2	2L	+	6580641	6581978	6575641	6582978	309	0	0	0	246	0	0	0	63	0	0	0	FALSE
Cold_DEGs	FBgn0031907	CG5171	2L	+	7157858	7159919	7152858	7160919	446	0	0	0	327	0	0	0	119	0	0	0	FALSE
Cold_DEGs	FBgn0031913	CG5958	2L	-	7186013	7189481	7185013	7194481	494	0	0	0	324	0	0	0	170	0	0	0	FALSE
Cold_DEGs	FBgn0032069	LManVI	2L	-	8492545	8496244	8491545	8501244	353	0	0	0	243	0	0	0	110	0	0	0	FALSE
Cold_DEGs	FBgn0032122	CG31883	2L	+	9221996	9223323	9216996	9224323	279	0	4	0	221	0	3	0	58	0	1	0	TRUE
Cold_DEGs	FBgn0032253	LManI	2L	-	10122652	10127345	10121652	10132345	776	25	10	1	419	25	10	1	357	0	0	0	TRUE
Cold_DEGs	FBgn0032287	CG6415	2L	+	10364404	10365851	10359404	10366851	423	1	0	0	298	1	0	0	125	0	0	0	TRUE
Cold_DEGs	FBgn0032472	CG9928	2L	-	12707138	12707599	12706138	12712599	309	0	0	0	277	0	0	0	32	0	0	0	FALSE
Cold_DEGs	FBgn0032505	CG16826	2L	+	12910035	12911794	12905035	12912794	257	1	0	0	180	1	0	0	77	0	0	0	TRUE
Cold_DEGs	FBgn0032726	CG10621	2L	-	18246523	18248824	18245523	18253824	296	0	0	0	214	0	0	0	82	0	0	0	FALSE
Cold_DEGs	FBgn0032801	CG10165	2L	-	18797585	18801454	18796585	18806454	383	0	0	0	225	0	0	0	158	0	0	0	FALSE
Cold_DEGs	FBgn0032820	fbp	2L	-	18996483	18999297	18995483	19004297	470	0	0	0	334	0	0	0	136	0	0	0	FALSE
Cold_DEGs	FBgn0032835	CG16772	2L	+	19198385	19199692	19193385	19200692	318	1	0	0	254	1	0	0	64	0	0	0	TRUE
Cold_DEGs	FBgn0032945	CG8665	2L	+	20443436	20449728	20438436	20450728	22	0	0	0	6	0	0	0	16	0	0	0	FALSE
Cold_DEGs	FBgn0032946	nrv3	2L	+	20453498	20467500	20448498	20468500	42	0	0	0	7	0	0	0	35	0	0	0	FALSE
Cold_DEGs	FBgn0032957	CG2225	2L	-	20515710	20528892	20514710	20533892	60	0	0	0	33	0	0	0	27	0	0	0	FALSE
Cold_DEGs	FBgn0033124	Tsp42Ec	2R	+	1363678	1367416	1358678	1368416	437	0	1	0	294	0	1	0	143	0	0	0	TRUE
Cold_DEGs	FBgn0033373	Nadk2	2R	-	3372477	3376095	3371477	3381095	317	7	0	0	203	5	0	0	114	2	0	0	TRUE
Cold_DEGs	FBgn0033763	CG8646	2R	+	6818604	6822277	6813604	6823277	568	0	0	0	337	0	0	0	231	0	0	0	FALSE
Cold_DEGs	FBgn0033766	Nup188	2R	-	6842575	6848955	6841575	6853955	268	0	0	0	142	0	0	0	126	0	0	0	FALSE
Cold_DEGs	FBgn0033781	CG13319	2R	+	7053823	7055063	7048823	7056063	138	0	0	0	96	0	0	0	42	0	0	0	FALSE
Cold_DEGs	FBgn0033928	Arc2	2R	+	8444670	8445663	8439670	8446663	243	0	0	0	205	0	0	0	38	0	0	0	FALSE
Cold_DEGs	FBgn0033978	Cyp6a23	2R	+	8947403	8948974	8942403	8949974	255	0	0	0	223	0	0	0	32	0	0	0	FALSE
Cold_DEGs	FBgn0034152	Acp53C14a	2R	-	10773438	10774091	10772438	10779091	319	0	0	0	277	0	0	0	42	0	0	0	FALSE
Cold_DEGs	FBgn0034153	Acp53C14b	2R	-	10774422	10774979	10773422	10779979	348	0	0	0	323	0	0	0	25	0	0	0	FALSE
Cold_DEGs	FBgn0034229	CtsK2	2R	+	11512593	11514279	11507593	11515279	327	0	5	0	227	0	3	0	100	0	2	0	TRUE
Cold_DEGs	FBgn0034295	CG10911	2R	-	12049769	12051211	12048769	12056211	341	1	61	1	272	1	49	1	69	0	12	0	TRUE
Cold_DEGs	FBgn0034328	BomBc1	2R	-	12356714	12357389	12355714	12362389	240	0	0	0	210	0	0	0	30	0	0	0	FALSE
Cold_DEGs	FBgn0034329	BomS1	2R	+	12358292	12358496	12353292	12359496	231	0	3	0	222	0	3	0	9	0	0	0	TRUE
Cold_DEGs	FBgn0034394	CG15096	2R	-	12762305	12768781	12761305	12773781	447	0	1	0	201	0	0	0	246	0	1	0	TRUE
Cold_DEGs	FBgn0034443	cer	2R	-	13353576	13354101	13352576	13359101	315	0	0	0	292	0	0	0	23	0	0	0	FALSE
Cold_DEGs	FBgn0034512	Bbd	2R	+	14412850	14414226	14407850	14415226	363	0	0	0	291	0	0	0	72	0	0	0	FALSE
Cold_DEGs	FBgn0034723	CG13506	2R	+	16225275	16236376	16220275	16237376	674	0	1	0	297	0	1	0	377	0	0	0	TRUE
Cold_DEGs	FBgn0034731	CG10384	2R	+	16296977	16315075	16291977	16316075	543	1	0	0	134	1	0	0	409	0	0	0	TRUE
Cold_DEGs	FBgn0034761	CG4250	2R	+	16498153	16498848	16493153	16499848	117	0	0	0	91	0	0	0	26	0	0	0	FALSE
Cold_DEGs	FBgn0034768	Obp58b	2R	+	16539387	16540638	16534387	16541638	374	0	6	0	308	0	5	0	66	0	1	0	TRUE
Cold_DEGs	FBgn0034784	CG9826	2R	+	16675310	16677455	16670310	16678455	262	0	0	0	209	0	0	0	53	0	0	0	FALSE
Cold_DEGs	FBgn0034796	CG3700	2R	+	16727313	16728602	16722313	16729602	313	0	0	0	258	0	0	0	55	0	0	0	FALSE
Cold_DEGs	FBgn0034869	CG13558	2R	+	17326573	17327160	17321573	17328160	194	0	4	0	176	0	4	0	18	0	0	0	TRUE
Cold_DEGs	FBgn0034909	pippin	2R	-	17628389	17631566	17627389	17636566	267	0	0	0	197	0	0	0	70	0	0	0	FALSE
Cold_DEGs	FBgn0034942	CG13566	2R	-	17769213	17770587	17768213	17775587	272	0	0	0	217	0	0	0	55	0	0	0	FALSE
Cold_DEGs	FBgn0034997	CG3376	2R	+	18048150	18055316	18043150	18056316	510	0	1	0	246	0	1	0	264	0	0	0	TRUE
Cold_DEGs	FBgn0035089	Phk-3	2R	-	18737842	18739077	18736842	18744077	112	0	0	0	101	0	0	0	11	0	0	0	FALSE
Cold_DEGs	FBgn0035090	CG2736	2R	-	18739067	18742526	18738067	18747526	152	0	0	0	100	0	0	0	52	0	0	0	FALSE
Cold_DEGs	FBgn0035199	tfc	3L	+	1166531	1184656	1161531	1185656	1131	0	2	0	248	0	1	0	883	0	1	0	TRUE
Cold_DEGs	FBgn0035203	Acat2	3L	+	1212199	1214658	1207199	1215658	313	0	0	0	196	0	0	0	117	0	0	0	FALSE
Cold_DEGs	FBgn0035348	CG16758	3L	-	2372673	2376899	2371673	2381899	292	0	5	0	173	0	2	0	119	0	3	0	TRUE
Cold_DEGs	FBgn0035528	CG15012	3L	-	4325839	4327024	4324839	4332024	265	0	0	0	206	0	0	0	59	0	0	0	FALSE
Cold_DEGs	FBgn0035670	CG10472	3L	-	6020688	6022550	6019688	6027550	290	0	2	0	204	0	1	0	86	0	1	0	TRUE
Cold_DEGs	FBgn0035695	CG10226	3L	-	6181944	6187894	6180944	6192894	793	0	1	0	405	0	1	0	388	0	0	0	TRUE
Cold_DEGs	FBgn0035779	CG8562	3L	+	7301578	7303020	7296578	7304020	447	0	0	0	373	0	0	0	74	0	0	0	FALSE
Cold_DEGs	FBgn0035781	CG8560	3L	-	7307343	7309204	7306343	7314204	359	0	0	0	302	0	0	0	57	0	0	0	FALSE
Cold_DEGs	FBgn0036015	CG3088	3L	-	9384783	9385703	9383783	9390703	257	0	0	0	216	0	0	0	41	0	0	0	FALSE
Cold_DEGs	FBgn0036024	CG18180	3L	+	9424982	9426082	9419982	9427082	331	1	1	0	294	1	0	0	37	0	1	0	TRUE
Cold_DEGs	FBgn0036072	CG6628	3L	-	9935516	9936759	9934516	9941759	253	0	0	0	186	0	0	0	67	0	0	0	FALSE
Cold_DEGs	FBgn0036262	Miox	3L	+	11893522	11895157	11888522	11896157	482	0	0	0	360	0	0	0	122	0	0	0	FALSE
Cold_DEGs	FBgn0036289	CG10657	3L	-	12201231	12206705	12200231	12211705	595	3	1	0	389	3	0	0	206	0	1	0	TRUE
Cold_DEGs	FBgn0036428	Gbs-70E	3L	-	14187663	14197719	14186663	14202719	748	0	1	0	330	0	1	0	418	0	0	0	TRUE
Cold_DEGs	FBgn0036622	Agpat4	3L	-	15984983	15987947	15983983	15992947	322	0	0	0	199	0	0	0	123	0	0	0	FALSE
Cold_DEGs	FBgn0036831	CG6839	3L	+	18409467	18411292	18404467	18412292	404	0	13	0	283	0	9	0	121	0	4	0	TRUE
Cold_DEGs	FBgn0036970	Spn77Bc	3L	+	19532960	19534601	19527960	19535601	78	0	0	0	50	0	0	0	28	0	0	0	FALSE
Cold_DEGs	FBgn0037003	CG18281	3L	+	19682610	19684262	19677610	19685262	179	0	0	0	179	0	0	0	0	0	0	0	FALSE
Cold_DEGs	FBgn0037038	CG11037	3L	-	20140106	20141135	20139106	20146135	370	0	0	0	327	0	0	0	43	0	0	0	FALSE
Cold_DEGs	FBgn0037153	olf413	3L	+	21218170	21330113	21213170	21331113	2215	3	44	0	188	2	0	0	2027	1	44	0	TRUE
Cold_DEGs	FBgn0037224	TwdlF	3R	+	84484	85542	79484	86542	181	3	7	0	174	3	7	0	7	0	0	0	TRUE
Cold_DEGs	FBgn0037547	CG7910	3R	-	16924698	16927711	16923698	16932711	371	0	0	0	255	0	0	0	116	0	0	0	FALSE
Cold_DEGs	FBgn0037635	CG9837	3R	+	16242668	16243786	16237668	16244786	329	0	0	0	258	0	0	0	71	0	0	0	FALSE
Cold_DEGs	FBgn0037764	CG9459	3R	+	15277195	15278633	15272195	15279633	350	0	0	0	270	0	0	0	80	0	0	0	FALSE
Cold_DEGs	FBgn0037835	CG14687	3R	-	14342301	14343998	14341301	14348998	289	2	0	0	240	1	0	0	49	1	0	0	TRUE
Cold_DEGs	FBgn0038009	CG17738	3R	-	12900533	12901422	12899533	12906422	287	3	0	0	234	3	0	0	53	0	0	0	TRUE
Cold_DEGs	FBgn0038147	CCHa2	3R	+	11844999	11848988	11839999	11849988	299	10	7	1	158	5	2	0	141	5	5	1	TRUE
Cold_DEGs	FBgn0038165	Task6	3R	+	11564957	11570820	11559957	11571820	301	1	1	0	153	1	1	0	148	0	0	0	TRUE
Cold_DEGs	FBgn0038197	foxo	3R	-	11158673	11189376	11157673	11194376	1277	0	5	0	252	0	5	0	1025	0	0	0	TRUE
Cold_DEGs	FBgn0038294	Mf	3R	+	10110207	10119675	10105207	10120675	705	3	10	1	341	0	2	0	364	3	8	1	TRUE
Cold_DEGs	FBgn0038421	CG17931	3R	+	8956644	8957859	8951644	8958859	345	10	0	0	295	9	0	0	50	1	0	0	TRUE
Cold_DEGs	FBgn0038439	Cad89D	3R	+	8820354	8830887	8815354	8831887	893	16	7	5	350	1	1	1	543	15	6	4	TRUE
Cold_DEGs	FBgn0038577	CG12321	3R	+	7165038	7166109	7160038	7167109	262	4	3	1	220	4	3	1	42	0	0	0	TRUE
Cold_DEGs	FBgn0038652	CG7720	3R	+	6563050	6598560	6558050	6599560	1566	2	5	0	278	0	0	0	1288	2	5	0	TRUE
Cold_DEGs	FBgn0038914	fit	3R	-	17106417	17108116	17105417	17113116	399	0	0	0	332	0	0	0	67	0	0	0	FALSE
Cold_DEGs	FBgn0039051	CG17109	3R	+	18296936	18298367	18291936	18299367	349	0	0	0	275	0	0	0	74	0	0	0	FALSE
Cold_DEGs	FBgn0039064	CG4467	3R	-	18429016	18452164	18428016	18457164	1187	0	1	0	282	0	0	0	905	0	1	0	TRUE
Cold_DEGs	FBgn0039184	CG6432	3R	+	19517663	19521466	19512663	19522466	413	0	0	0	199	0	0	0	214	0	0	0	FALSE
Cold_DEGs	FBgn0039311	CG10513	3R	-	20445351	20447335	20444351	20452335	333	0	0	0	238	0	0	0	95	0	0	0	FALSE
Cold_DEGs	FBgn0039313	CG11892	3R	+	20451710	20453492	20446710	20454492	258	0	0	0	211	0	0	0	47	0	0	0	FALSE
Cold_DEGs	FBgn0039341	CG5112	3R	+	20661267	20663208	20656267	20664208	334	0	1	0	268	0	1	0	66	0	0	0	TRUE
Cold_DEGs	FBgn0039358	Idh3g	3R	+	20850646	20853511	20845646	20854511	383	0	0	0	290	0	0	0	93	0	0	0	FALSE
Cold_DEGs	FBgn0039452	CG14245	3R	+	21848165	21848888	21843165	21849888	267	0	0	0	234	0	0	0	33	0	0	0	FALSE
Cold_DEGs	FBgn0039471	CG6295	3R	-	22125200	22126282	22124200	22131282	308	0	0	0	278	0	0	0	30	0	0	0	FALSE
Cold_DEGs	FBgn0039521	CG5402	3R	-	22592826	22594663	22591826	22599663	257	0	0	0	155	0	0	0	102	0	0	0	FALSE
Cold_DEGs	FBgn0039694	fig	3R	-	24788090	24789575	24787090	24794575	277	0	0	0	219	0	0	0	58	0	0	0	FALSE
Cold_DEGs	FBgn0039755	CG15531	3R	-	25193489	25194978	25192489	25199978	225	0	0	0	168	0	0	0	57	0	0	0	FALSE
Cold_DEGs	FBgn0039783	PH4alphaNE2	3R	-	25479722	25481698	25478722	25486698	623	6	0	0	499	6	0	0	124	0	0	0	TRUE
Cold_DEGs	FBgn0039787	CG9702	3R	+	25548361	25551321	25543361	25552321	299	0	0	0	193	0	0	0	106	0	0	0	FALSE
Cold_DEGs	FBgn0039800	Npc2g	3R	-	25705911	25707909	25704911	25712909	357	1	0	0	283	1	0	0	74	0	0	0	TRUE
Cold_DEGs	FBgn0039830	ATPsynC	3R	-	26169283	26172682	26168283	26177682	266	48	0	0	187	31	0	0	79	17	0	0	TRUE
Cold_DEGs	FBgn0040060	yip7	3L	+	5996753	5998070	5991753	5999070	338	1	0	0	298	1	0	0	40	0	0	0	TRUE
Cold_DEGs	FBgn0040321	GNBP3	3L	+	8776310	8778105	8771310	8779105	367	0	0	0	281	0	0	0	86	0	0	0	FALSE
Cold_DEGs	FBgn0040376	AANATL7	X	+	2281177	2281863	2276177	2282863	136	0	0	0	136	0	0	0	0	0	0	0	FALSE
Cold_DEGs	FBgn0040398	CG14629	X	+	837077	838161	832077	839161	70	0	0	0	70	0	0	0	0	0	0	0	FALSE
Cold_DEGs	FBgn0040532	CG8369	3R	-	16229597	16230436	16228597	16235436	247	0	0	0	180	0	0	0	67	0	0	0	FALSE
Cold_DEGs	FBgn0040582	BomBc3	3R	+	17309229	17310647	17304229	17311647	445	0	0	0	388	0	0	0	57	0	0	0	FALSE
Cold_DEGs	FBgn0040653	Dso1	2R	-	14734443	14735181	14733443	14740181	244	0	1	0	212	0	1	0	32	0	0	0	TRUE
Cold_DEGs	FBgn0040735	BomT2	2R	+	12363294	12363585	12358294	12364585	304	4	0	0	270	4	0	0	34	0	0	0	TRUE
Cold_DEGs	FBgn0040736	BomS3	2R	+	12362412	12362602	12357412	12363602	258	4	0	0	252	4	0	0	6	0	0	0	TRUE
Cold_DEGs	FBgn0040827	CG13315	3L	+	8910668	8911763	8905668	8912763	271	0	0	0	229	0	0	0	42	0	0	0	FALSE
Cold_DEGs	FBgn0041194	Prat2	3L	-	6819981	6823353	6818981	6828353	355	0	0	0	185	0	0	0	170	0	0	0	FALSE
Cold_DEGs	FBgn0041579	AttC	2R	+	7513952	7515177	7508952	7516177	286	0	1	0	210	0	0	0	76	0	1	0	TRUE
Cold_DEGs	FBgn0041605	cpx	3R	+	108420	131824	103420	132824	450	2	7	0	133	0	6	0	317	2	1	0	TRUE
Cold_DEGs	FBgn0043364	cbt	2L	-	447746	451141	446746	456141	218	36	0	0	162	33	0	0	56	3	0	0	TRUE
Cold_DEGs	FBgn0043530	Obp51a	2R	-	9080822	9081657	9079822	9086657	187	0	17	0	130	0	10	0	57	0	7	0	TRUE
Cold_DEGs	FBgn0046114	Gclm	3R	-	17890733	17892904	17889733	17897904	265	0	0	0	220	0	0	0	45	0	0	0	FALSE
Cold_DEGs	FBgn0047135	CG32276	3L	-	3241280	3242448	3240280	3247448	40	0	0	0	37	0	0	0	3	0	0	0	FALSE
Cold_DEGs	FBgn0047334	BG642312	3L	-	6180272	6180569	6179272	6185569	382	0	1	0	372	0	1	0	10	0	0	0	TRUE
Cold_DEGs	FBgn0050008	CG30008	2R	+	4138171	4139456	4133171	4140456	115	0	0	0	90	0	0	0	25	0	0	0	FALSE
Cold_DEGs	FBgn0050151	CG30151	2R	-	14407244	14408605	14406244	14413605	345	0	0	0	239	0	0	0	106	0	0	0	FALSE
Cold_DEGs	FBgn0050296	RIC-3	2R	+	14882238	14889437	14877238	14890437	613	1	0	0	332	0	0	0	281	1	0	0	TRUE
Cold_DEGs	FBgn0050488	antr	2R	-	6988941	6990093	6987941	6995093	363	1	0	0	289	1	0	0	74	0	0	0	TRUE
Cold_DEGs	FBgn0051680	CG31680	2L	+	19747453	19748102	19742453	19749102	72	3	0	0	58	3	0	0	14	0	0	0	TRUE
Cold_DEGs	FBgn0051779	Acp24A4	2L	-	3534300	3535152	3533300	3540152	256	1	0	0	246	1	0	0	10	0	0	0	TRUE
Cold_DEGs	FBgn0051858	t-cup	2L	-	12098007	12099112	12097007	12104112	373	0	0	0	283	0	0	0	90	0	0	0	FALSE
Cold_DEGs	FBgn0051872	CG31872	2L	+	10301450	10305125	10296450	10306125	359	0	0	0	225	0	0	0	134	0	0	0	FALSE
Cold_DEGs	FBgn0052072	Elo68alpha	3L	-	10865039	10866212	10864039	10871212	322	0	0	0	265	0	0	0	57	0	0	0	FALSE
Cold_DEGs	FBgn0052499	Cda4	X	-	20343996	20381506	20342996	20386506	285	0	1	0	27	0	0	0	258	0	1	0	TRUE
Cold_DEGs	FBgn0052833	CG32833	2R	-	16809095	16812181	16808095	16817181	323	0	0	0	163	0	0	0	160	0	0	0	FALSE
Cold_DEGs	FBgn0053109	CG33109	3R	+	11038585	11039666	11033585	11040666	299	0	0	0	251	0	0	0	48	0	0	0	FALSE
Cold_DEGs	FBgn0053296	CG33296	2L	-	7467485	7470545	7466485	7475545	311	0	0	0	199	0	0	0	112	0	0	0	FALSE
Cold_DEGs	FBgn0053306	CG33306	2L	-	13373031	13373897	13372031	13378897	346	1	1	0	316	1	1	0	30	0	0	0	TRUE
Cold_DEGs	FBgn0053530	Acp53C14c	2R	-	10776214	10777009	10775214	10782009	341	0	0	0	293	0	0	0	48	0	0	0	FALSE
Cold_DEGs	FBgn0053965	CG33965	3L	+	1143911	1144977	1138911	1145977	258	0	0	0	190	0	0	0	68	0	0	0	FALSE
Cold_DEGs	FBgn0054034	CG34034	3R	-	16967716	16968830	16966716	16973830	356	2	0	0	276	2	0	0	80	0	0	0	TRUE
Cold_DEGs	FBgn0061356	Hao	2R	+	5090655	5091923	5085655	5092923	405	5	0	0	349	4	0	0	56	1	0	0	TRUE
Cold_DEGs	FBgn0062442	Cisd2	3R	-	24237092	24238345	24236092	24243345	283	0	0	0	229	0	0	0	54	0	0	0	FALSE
Cold_DEGs	FBgn0063491	GstE9	2R	+	12386479	12387800	12381479	12388800	358	0	7	0	332	0	6	0	26	0	1	0	TRUE
Cold_DEGs	FBgn0067905	Dso2	2R	+	14736048	14736409	14731048	14737409	249	0	1	0	233	0	1	0	16	0	0	0	TRUE
Cold_DEGs	FBgn0083936	Acp54A1	2R	+	11157406	11157880	11152406	11158880	164	0	0	0	162	0	0	0	2	0	0	0	FALSE
Cold_DEGs	FBgn0083965	CG34129	3R	-	21339077	21340050	21338077	21345050	316	0	0	0	286	0	0	0	30	0	0	0	FALSE
Cold_DEGs	FBgn0085256	CG34227	2R	+	5431178	5432255	5426178	5433255	440	3	0	0	392	3	0	0	48	0	0	0	TRUE
Cold_DEGs	FBgn0085282	CG34253	3L	-	17615837	17616778	17614837	17621778	375	0	6	0	298	0	3	0	77	0	3	0	TRUE
Cold_DEGs	FBgn0086687	Desat1	3R	-	12728543	12735879	12727543	12740879	378	52	4	0	194	29	0	0	184	23	4	0	TRUE
Cold_DEGs	FBgn0250815	Jon65Aiv	3L	+	6000464	6002017	5995464	6003017	237	1	0	0	214	1	0	0	23	0	0	0	TRUE
Cold_DEGs	FBgn0250832	Dup99B	3R	-	24727217	24727727	24726217	24732727	263	1	0	0	241	1	0	0	22	0	0	0	TRUE
Cold_DEGs	FBgn0250835	CG15394	2L	+	2469489	2470524	2464489	2471524	265	0	15	0	208	0	11	0	57	0	4	0	TRUE
Cold_DEGs	FBgn0250836	Acbp3	3L	+	7038557	7038805	7033557	7039805	192	0	0	0	192	0	0	0	0	0	0	0	FALSE
Cold_DEGs	FBgn0250841	CG17242	2L	-	2152412	2153149	2151412	2158149	267	0	1	0	215	0	0	0	52	0	1	0	TRUE
Cold_DEGs	FBgn0259682	Jabba	2R	-	12711144	12715316	12710144	12720316	370	0	0	0	323	0	0	0	47	0	0	0	FALSE
Cold_DEGs	FBgn0259951	Sfp24Ba	2L	-	3508794	3509404	3507794	3514404	310	3	0	0	266	3	0	0	44	0	0	0	TRUE
Cold_DEGs	FBgn0259952	Sfp24Bb	2L	-	3510144	3511451	3509144	3516451	328	3	0	0	246	2	0	0	82	1	0	0	TRUE
Cold_DEGs	FBgn0259969	Sfp65A	3L	+	6298242	6298733	6293242	6299733	234	0	0	0	216	0	0	0	18	0	0	0	FALSE
Cold_DEGs	FBgn0259975	Sfp87B	3R	-	12898675	12899100	12897675	12904100	269	10	0	0	241	6	0	0	28	4	0	0	TRUE
Cold_DEGs	FBgn0260499	qvr	2R	+	5611307	5620613	5606307	5621613	787	1	2	0	325	1	1	0	462	0	1	0	TRUE
Cold_DEGs	FBgn0260657	CG42540	3L	+	4576269	4610284	4571269	4611284	1286	0	28	0	249	0	23	0	1037	0	5	0	TRUE
Cold_DEGs	FBgn0261055	Sfp26Ad	2L	-	5742048	5742607	5741048	5747607	214	0	0	0	194	0	0	0	20	0	0	0	FALSE
Cold_DEGs	FBgn0261394	Prosalpha3	2R	+	14858911	14860522	14853911	14861522	360	0	0	0	286	0	0	0	74	0	0	0	FALSE
Cold_DEGs	FBgn0261703	gce	X	+	14328107	14347158	14323107	14348158	311	0	0	0	57	0	0	0	254	0	0	0	FALSE
Cold_DEGs	FBgn0261714	Cpn	3R	+	13004488	13007205	12999488	13008205	323	13	0	0	173	8	0	0	150	5	0	0	TRUE
Cold_DEGs	FBgn0261788	Ank2	3L	-	7554911	7594553	7553911	7599553	2042	0	0	0	266	0	0	0	1776	0	0	0	FALSE
Cold_DEGs	FBgn0261794	kcc	2R	+	17724095	17733097	17719095	17734097	400	0	1	0	166	0	0	0	234	0	1	0	TRUE
Cold_DEGs	FBgn0261808	cu	3R	-	13943744	13955761	13942744	13960761	466	39	0	0	173	16	0	0	293	23	0	0	TRUE
Cold_DEGs	FBgn0261853	CG42782	2R	-	6582098	6582947	6581098	6587947	186	0	0	0	153	0	0	0	33	0	0	0	FALSE
Cold_DEGs	FBgn0261976	Psf2	2L	-	4231749	4232418	4230749	4237418	157	0	0	0	140	0	0	0	17	0	0	0	FALSE
Cold_DEGs	FBgn0262003	CG42821	3R	-	7913979	7915533	7912979	7920533	301	0	0	0	292	0	0	0	9	0	0	0	FALSE
Cold_DEGs	FBgn0262010	CG42828	3R	+	18576635	18577065	18571635	18578065	206	0	0	0	180	0	0	0	26	0	0	0	FALSE
Cold_DEGs	FBgn0262467	Scox	2L	-	4789306	4790425	4788306	4795425	218	0	6	0	181	0	6	0	37	0	0	0	TRUE
Cold_DEGs	FBgn0262571	CG43111	2R	+	13509454	13509877	13504454	13510877	208	0	0	0	195	0	0	0	13	0	0	0	FALSE
Cold_DEGs	FBgn0262738	norpA	X	+	3867378	3908564	3862378	3909564	641	6	0	0	46	3	0	0	595	3	0	0	TRUE
Cold_DEGs	FBgn0263321	CG43402	2L	+	1376443	1377714	1371443	1378714	279	11	1	0	227	10	1	0	52	1	0	0	TRUE
Cold_DEGs	FBgn0263354	CG42784	2L	+	13026315	13051124	13021315	13052124	1174	0	0	0	272	0	0	0	902	0	0	0	FALSE
Cold_DEGs	FBgn0263773	fok	2L	-	19309749	19315834	19308749	19320834	439	0	0	0	251	0	0	0	188	0	0	0	FALSE
Cold_DEGs	FBgn0264442	ab	2L	+	10854980	10901626	10849980	10902626	1376	0	15	0	260	0	0	0	1116	0	15	0	TRUE
Cold_DEGs	FBgn0264556	Gr39a	2L	+	20368857	20375473	20363857	20376473	44	0	0	0	20	0	0	0	24	0	0	0	FALSE
Cold_DEGs	FBgn0265267	CG18258	X	+	16090029	16091611	16085029	16092611	146	5	0	0	119	5	0	0	27	0	0	0	TRUE
